Survey Code,Survey,Food Group Code,Food Group,Indicator Code,Indicator,Geographic Level Code,Geographic Level,Element Code,Element,Unit,Value,Flag
"076_2014","Brazil - 2014","FGW0","MDD-W Food groups","6211","Percentage of women achieving MDD-W","10000","National","6121","Value","%","54.800000","E"
"076_2014","Brazil - 2014","FGW0","MDD-W Food groups","6211","Percentage of women achieving MDD-W","10002","Rural","6121","Value","%","70.100000","E"
"076_2014","Brazil - 2014","FGW0","MDD-W Food groups","6211","Percentage of women achieving MDD-W","10001","Urban","6121","Value","%","54.400000","E"
"076_2014","Brazil - 2014","FGW1","Grains, white roots and tubers, and plantains","6212","Percentage of women consuming each food group","10000","National","6121","Value","%","98.900000","E"
"076_2014","Brazil - 2014","FGW1","Grains, white roots and tubers, and plantains","6212","Percentage of women consuming each food group","10002","Rural","6121","Value","%","99.600000","E"
"076_2014","Brazil - 2014","FGW1","Grains, white roots and tubers, and plantains","6212","Percentage of women consuming each food group","10001","Urban","6121","Value","%","98.900000","E"
"076_2014","Brazil - 2014","FGW2","Pulses (beans, peas and lentils)","6212","Percentage of women consuming each food group","10000","National","6121","Value","%","63.600000","E"
"076_2014","Brazil - 2014","FGW2","Pulses (beans, peas and lentils)","6212","Percentage of women consuming each food group","10002","Rural","6121","Value","%","79.200000","E"
"076_2014","Brazil - 2014","FGW2","Pulses (beans, peas and lentils)","6212","Percentage of women consuming each food group","10001","Urban","6121","Value","%","63.300000","E"
"076_2014","Brazil - 2014","FGW3","Nuts and seeds","6212","Percentage of women consuming each food group","10000","National","6121","Value","%","0.900000","E"
"076_2014","Brazil - 2014","FGW3","Nuts and seeds","6212","Percentage of women consuming each food group","10002","Rural","6121","Value","%","0.200000","E"
"076_2014","Brazil - 2014","FGW3","Nuts and seeds","6212","Percentage of women consuming each food group","10001","Urban","6121","Value","%","1.000000","E"
"076_2014","Brazil - 2014","FGW4","Dairy","6212","Percentage of women consuming each food group","10000","National","6121","Value","%","59.500000","E"
"076_2014","Brazil - 2014","FGW4","Dairy","6212","Percentage of women consuming each food group","10002","Rural","6121","Value","%","47.200000","E"
"076_2014","Brazil - 2014","FGW4","Dairy","6212","Percentage of women consuming each food group","10001","Urban","6121","Value","%","59.800000","E"
"076_2014","Brazil - 2014","FGW5","Meat, poultry and fish","6212","Percentage of women consuming each food group","10000","National","6121","Value","%","92.100000","E"
"076_2014","Brazil - 2014","FGW5","Meat, poultry and fish","6212","Percentage of women consuming each food group","10002","Rural","6121","Value","%","94.900000","E"
"076_2014","Brazil - 2014","FGW5","Meat, poultry and fish","6212","Percentage of women consuming each food group","10001","Urban","6121","Value","%","92.100000","E"
"076_2014","Brazil - 2014","FGW6","Eggs","6212","Percentage of women consuming each food group","10000","National","6121","Value","%","21.800000","E"
"076_2014","Brazil - 2014","FGW6","Eggs","6212","Percentage of women consuming each food group","10002","Rural","6121","Value","%","31.800000","E"
"076_2014","Brazil - 2014","FGW6","Eggs","6212","Percentage of women consuming each food group","10001","Urban","6121","Value","%","21.600000","E"
"076_2014","Brazil - 2014","FGW7","Dark green leafy vegetables","6212","Percentage of women consuming each food group","10000","National","6121","Value","%","3.600000","E"
"076_2014","Brazil - 2014","FGW7","Dark green leafy vegetables","6212","Percentage of women consuming each food group","10002","Rural","6121","Value","%","0.300000","E"
"076_2014","Brazil - 2014","FGW7","Dark green leafy vegetables","6212","Percentage of women consuming each food group","10001","Urban","6121","Value","%","3.700000","E"
"076_2014","Brazil - 2014","FGW8","Other vitamin A-rich fruits and vegetables","6212","Percentage of women consuming each food group","10000","National","6121","Value","%","20.900000","E"
"076_2014","Brazil - 2014","FGW8","Other vitamin A-rich fruits and vegetables","6212","Percentage of women consuming each food group","10002","Rural","6121","Value","%","38.300000","E"
"076_2014","Brazil - 2014","FGW8","Other vitamin A-rich fruits and vegetables","6212","Percentage of women consuming each food group","10001","Urban","6121","Value","%","20.500000","E"
"076_2014","Brazil - 2014","FGW9","Vegetables, other","6212","Percentage of women consuming each food group","10000","National","6121","Value","%","78.000000","E"
"076_2014","Brazil - 2014","FGW9","Vegetables, other","6212","Percentage of women consuming each food group","10002","Rural","6121","Value","%","82.900000","E"
"076_2014","Brazil - 2014","FGW9","Vegetables, other","6212","Percentage of women consuming each food group","10001","Urban","6121","Value","%","77.800000","E"
"076_2014","Brazil - 2014","FGW10","Fruits, other","6212","Percentage of women consuming each food group","10000","National","6121","Value","%","20.800000","E"
"076_2014","Brazil - 2014","FGW10","Fruits, other","6212","Percentage of women consuming each food group","10002","Rural","6121","Value","%","23.200000","E"
"076_2014","Brazil - 2014","FGW10","Fruits, other","6212","Percentage of women consuming each food group","10001","Urban","6121","Value","%","20.700000","E"
"076_2014","Brazil - 2014","FGW11","Fried and salty snacks","6212","Percentage of women consuming each food group","10000","National","6121","Value","%","33.700000","E"
"076_2014","Brazil - 2014","FGW11","Fried and salty snacks","6212","Percentage of women consuming each food group","10002","Rural","6121","Value","%","26.300000","E"
"076_2014","Brazil - 2014","FGW11","Fried and salty snacks","6212","Percentage of women consuming each food group","10001","Urban","6121","Value","%","33.900000","E"
"076_2014","Brazil - 2014","FGW12","Sweet foods","6212","Percentage of women consuming each food group","10000","National","6121","Value","%","78.900000","E"
"076_2014","Brazil - 2014","FGW12","Sweet foods","6212","Percentage of women consuming each food group","10002","Rural","6121","Value","%","64.800000","E"
"076_2014","Brazil - 2014","FGW12","Sweet foods","6212","Percentage of women consuming each food group","10001","Urban","6121","Value","%","79.200000","E"
"076_2014","Brazil - 2014","FGW13","Sweet beverages","6212","Percentage of women consuming each food group","10000","National","6121","Value","%","77.800000","E"
"076_2014","Brazil - 2014","FGW13","Sweet beverages","6212","Percentage of women consuming each food group","10002","Rural","6121","Value","%","83.100000","E"
"076_2014","Brazil - 2014","FGW13","Sweet beverages","6212","Percentage of women consuming each food group","10001","Urban","6121","Value","%","77.700000","E"
"076_2014","Brazil - 2014","FGW16","Other oils and fats","6212","Percentage of women consuming each food group","10000","National","6121","Value","%","97.400000","E"
"076_2014","Brazil - 2014","FGW16","Other oils and fats","6212","Percentage of women consuming each food group","10002","Rural","6121","Value","%","97.700000","E"
"076_2014","Brazil - 2014","FGW16","Other oils and fats","6212","Percentage of women consuming each food group","10001","Urban","6121","Value","%","97.400000","E"
"076_2014","Brazil - 2014","FGW17","Condiments and seasonings","6212","Percentage of women consuming each food group","10000","National","6121","Value","%","97.300000","E"
"076_2014","Brazil - 2014","FGW17","Condiments and seasonings","6212","Percentage of women consuming each food group","10002","Rural","6121","Value","%","98.100000","E"
"076_2014","Brazil - 2014","FGW17","Condiments and seasonings","6212","Percentage of women consuming each food group","10001","Urban","6121","Value","%","97.200000","E"
"076_2014","Brazil - 2014","FGW18","Other beverages and foods","6212","Percentage of women consuming each food group","10000","National","6121","Value","%","80.100000","E"
"076_2014","Brazil - 2014","FGW18","Other beverages and foods","6212","Percentage of women consuming each food group","10002","Rural","6121","Value","%","88.500000","E"
"076_2014","Brazil - 2014","FGW18","Other beverages and foods","6212","Percentage of women consuming each food group","10001","Urban","6121","Value","%","79.900000","E"
"854_2021","Burkina Faso - 2021","FGW0","MDD-W Food groups","6211","Percentage of women achieving MDD-W","10000","National","6121","Value","%","25.100000","E"
"854_2021","Burkina Faso - 2021","FGW0","MDD-W Food groups","6211","Percentage of women achieving MDD-W","10002","Rural","6121","Value","%","22.300000","E"
"854_2021","Burkina Faso - 2021","FGW0","MDD-W Food groups","6211","Percentage of women achieving MDD-W","10001","Urban","6121","Value","%","31.100000","E"
"854_2021","Burkina Faso - 2021","FGW1","Grains, white roots and tubers, and plantains","6212","Percentage of women consuming each food group","10000","National","6121","Value","%","98.100000","E"
"854_2021","Burkina Faso - 2021","FGW1","Grains, white roots and tubers, and plantains","6212","Percentage of women consuming each food group","10002","Rural","6121","Value","%","98.300000","E"
"854_2021","Burkina Faso - 2021","FGW1","Grains, white roots and tubers, and plantains","6212","Percentage of women consuming each food group","10001","Urban","6121","Value","%","97.600000","E"
"854_2021","Burkina Faso - 2021","FGW1A","Foods made from grains","6212","Percentage of women consuming each food group","10000","National","6121","Value","%","97.500000","E"
"854_2021","Burkina Faso - 2021","FGW1A","Foods made from grains","6212","Percentage of women consuming each food group","10002","Rural","6121","Value","%","98.100000","E"
"854_2021","Burkina Faso - 2021","FGW1A","Foods made from grains","6212","Percentage of women consuming each food group","10001","Urban","6121","Value","%","96.300000","E"
"854_2021","Burkina Faso - 2021","FGW1B","White roots and tubers or plantains","6212","Percentage of women consuming each food group","10000","National","6121","Value","%","10.500000","E"
"854_2021","Burkina Faso - 2021","FGW1B","White roots and tubers or plantains","6212","Percentage of women consuming each food group","10002","Rural","6121","Value","%","7.000000","E"
"854_2021","Burkina Faso - 2021","FGW1B","White roots and tubers or plantains","6212","Percentage of women consuming each food group","10001","Urban","6121","Value","%","17.700000","E"
"854_2021","Burkina Faso - 2021","FGW2","Pulses (beans, peas and lentils)","6212","Percentage of women consuming each food group","10000","National","6121","Value","%","11.900000","E"
"854_2021","Burkina Faso - 2021","FGW2","Pulses (beans, peas and lentils)","6212","Percentage of women consuming each food group","10002","Rural","6121","Value","%","13.200000","E"
"854_2021","Burkina Faso - 2021","FGW2","Pulses (beans, peas and lentils)","6212","Percentage of women consuming each food group","10001","Urban","6121","Value","%","9.200000","E"
"854_2021","Burkina Faso - 2021","FGW3","Nuts and seeds","6212","Percentage of women consuming each food group","10000","National","6121","Value","%","38.700000","E"
"854_2021","Burkina Faso - 2021","FGW3","Nuts and seeds","6212","Percentage of women consuming each food group","10002","Rural","6121","Value","%","39.700000","E"
"854_2021","Burkina Faso - 2021","FGW3","Nuts and seeds","6212","Percentage of women consuming each food group","10001","Urban","6121","Value","%","36.600000","E"
"854_2021","Burkina Faso - 2021","FGW4","Dairy","6212","Percentage of women consuming each food group","10000","National","6121","Value","%","10.900000","E"
"854_2021","Burkina Faso - 2021","FGW4","Dairy","6212","Percentage of women consuming each food group","10002","Rural","6121","Value","%","9.500000","E"
"854_2021","Burkina Faso - 2021","FGW4","Dairy","6212","Percentage of women consuming each food group","10001","Urban","6121","Value","%","13.900000","E"
"854_2021","Burkina Faso - 2021","FGW5","Meat, poultry and fish","6212","Percentage of women consuming each food group","10000","National","6121","Value","%","52.500000","E"
"854_2021","Burkina Faso - 2021","FGW5","Meat, poultry and fish","6212","Percentage of women consuming each food group","10002","Rural","6121","Value","%","44.500000","E"
"854_2021","Burkina Faso - 2021","FGW5","Meat, poultry and fish","6212","Percentage of women consuming each food group","10001","Urban","6121","Value","%","69.200000","E"
"854_2021","Burkina Faso - 2021","FGW6","Eggs","6212","Percentage of women consuming each food group","10000","National","6121","Value","%","6.700000","E"
"854_2021","Burkina Faso - 2021","FGW6","Eggs","6212","Percentage of women consuming each food group","10002","Rural","6121","Value","%","4.500000","E"
"854_2021","Burkina Faso - 2021","FGW6","Eggs","6212","Percentage of women consuming each food group","10001","Urban","6121","Value","%","11.200000","E"
"854_2021","Burkina Faso - 2021","FGW7","Dark green leafy vegetables","6212","Percentage of women consuming each food group","10000","National","6121","Value","%","71.200000","E"
"854_2021","Burkina Faso - 2021","FGW7","Dark green leafy vegetables","6212","Percentage of women consuming each food group","10002","Rural","6121","Value","%","77.700000","E"
"854_2021","Burkina Faso - 2021","FGW7","Dark green leafy vegetables","6212","Percentage of women consuming each food group","10001","Urban","6121","Value","%","57.600000","E"
"854_2021","Burkina Faso - 2021","FGW8","Other vitamin A-rich fruits and vegetables","6212","Percentage of women consuming each food group","10000","National","6121","Value","%","8.100000","E"
"854_2021","Burkina Faso - 2021","FGW8","Other vitamin A-rich fruits and vegetables","6212","Percentage of women consuming each food group","10002","Rural","6121","Value","%","6.700000","E"
"854_2021","Burkina Faso - 2021","FGW8","Other vitamin A-rich fruits and vegetables","6212","Percentage of women consuming each food group","10001","Urban","6121","Value","%","11.000000","E"
"854_2021","Burkina Faso - 2021","FGW9","Vegetables, other","6212","Percentage of women consuming each food group","10000","National","6121","Value","%","44.700000","E"
"854_2021","Burkina Faso - 2021","FGW9","Vegetables, other","6212","Percentage of women consuming each food group","10002","Rural","6121","Value","%","40.600000","E"
"854_2021","Burkina Faso - 2021","FGW9","Vegetables, other","6212","Percentage of women consuming each food group","10001","Urban","6121","Value","%","53.000000","E"
"854_2021","Burkina Faso - 2021","FGW10","Fruits, other","6212","Percentage of women consuming each food group","10000","National","6121","Value","%","13.600000","E"
"854_2021","Burkina Faso - 2021","FGW10","Fruits, other","6212","Percentage of women consuming each food group","10002","Rural","6121","Value","%","9.800000","E"
"854_2021","Burkina Faso - 2021","FGW10","Fruits, other","6212","Percentage of women consuming each food group","10001","Urban","6121","Value","%","21.300000","E"
"854_2021","Burkina Faso - 2021","FGW11","Fried and salty snacks","6212","Percentage of women consuming each food group","10000","National","6121","Value","%","8.500000","E"
"854_2021","Burkina Faso - 2021","FGW11","Fried and salty snacks","6212","Percentage of women consuming each food group","10002","Rural","6121","Value","%","7.400000","E"
"854_2021","Burkina Faso - 2021","FGW11","Fried and salty snacks","6212","Percentage of women consuming each food group","10001","Urban","6121","Value","%","10.700000","E"
"854_2021","Burkina Faso - 2021","FGW12","Sweet foods","6212","Percentage of women consuming each food group","10000","National","6121","Value","%","17.000000","E"
"854_2021","Burkina Faso - 2021","FGW12","Sweet foods","6212","Percentage of women consuming each food group","10002","Rural","6121","Value","%","15.100000","E"
"854_2021","Burkina Faso - 2021","FGW12","Sweet foods","6212","Percentage of women consuming each food group","10001","Urban","6121","Value","%","20.800000","E"
"854_2021","Burkina Faso - 2021","FGW13","Sweet beverages","6212","Percentage of women consuming each food group","10000","National","6121","Value","%","46.800000","E"
"854_2021","Burkina Faso - 2021","FGW13","Sweet beverages","6212","Percentage of women consuming each food group","10002","Rural","6121","Value","%","40.500000","E"
"854_2021","Burkina Faso - 2021","FGW13","Sweet beverages","6212","Percentage of women consuming each food group","10001","Urban","6121","Value","%","59.800000","E"
"854_2021","Burkina Faso - 2021","FGW15","Red palm oil","6212","Percentage of women consuming each food group","10000","National","6121","Value","%","3.000000","E"
"854_2021","Burkina Faso - 2021","FGW15","Red palm oil","6212","Percentage of women consuming each food group","10002","Rural","6121","Value","%","2.100000","E"
"854_2021","Burkina Faso - 2021","FGW15","Red palm oil","6212","Percentage of women consuming each food group","10001","Urban","6121","Value","%","4.900000","E"
"854_2021","Burkina Faso - 2021","FGW18","Other beverages and foods","6212","Percentage of women consuming each food group","10000","National","6121","Value","%","2.900000","E"
"854_2021","Burkina Faso - 2021","FGW18","Other beverages and foods","6212","Percentage of women consuming each food group","10002","Rural","6121","Value","%","2.800000","E"
"854_2021","Burkina Faso - 2021","FGW18","Other beverages and foods","6212","Percentage of women consuming each food group","10001","Urban","6121","Value","%","3.200000","E"
"116_2021","Cambodia - 2021","FGW0","MDD-W Food groups","6211","Percentage of women achieving MDD-W","10000","National","6121","Value","%","57.300000","E"
"116_2021","Cambodia - 2021","FGW0","MDD-W Food groups","6211","Percentage of women achieving MDD-W","10002","Rural","6121","Value","%","49.800000","E"
"116_2021","Cambodia - 2021","FGW0","MDD-W Food groups","6211","Percentage of women achieving MDD-W","10001","Urban","6121","Value","%","67.600000","E"
"116_2021","Cambodia - 2021","FGW1","Grains, white roots and tubers, and plantains","6212","Percentage of women consuming each food group","10000","National","6121","Value","%","99.000000","E"
"116_2021","Cambodia - 2021","FGW1","Grains, white roots and tubers, and plantains","6212","Percentage of women consuming each food group","10002","Rural","6121","Value","%","98.800000","E"
"116_2021","Cambodia - 2021","FGW1","Grains, white roots and tubers, and plantains","6212","Percentage of women consuming each food group","10001","Urban","6121","Value","%","99.300000","E"
"116_2021","Cambodia - 2021","FGW1A","Foods made from grains","6212","Percentage of women consuming each food group","10000","National","6121","Value","%","98.800000","E"
"116_2021","Cambodia - 2021","FGW1A","Foods made from grains","6212","Percentage of women consuming each food group","10002","Rural","6121","Value","%","98.600000","E"
"116_2021","Cambodia - 2021","FGW1A","Foods made from grains","6212","Percentage of women consuming each food group","10001","Urban","6121","Value","%","99.100000","E"
"116_2021","Cambodia - 2021","FGW1B","White roots and tubers or plantains","6212","Percentage of women consuming each food group","10000","National","6121","Value","%","22.100000","E"
"116_2021","Cambodia - 2021","FGW1B","White roots and tubers or plantains","6212","Percentage of women consuming each food group","10002","Rural","6121","Value","%","18.900000","E"
"116_2021","Cambodia - 2021","FGW1B","White roots and tubers or plantains","6212","Percentage of women consuming each food group","10001","Urban","6121","Value","%","26.600000","E"
"116_2021","Cambodia - 2021","FGW2","Pulses (beans, peas and lentils)","6212","Percentage of women consuming each food group","10000","National","6121","Value","%","11.200000","E"
"116_2021","Cambodia - 2021","FGW2","Pulses (beans, peas and lentils)","6212","Percentage of women consuming each food group","10002","Rural","6121","Value","%","8.600000","E"
"116_2021","Cambodia - 2021","FGW2","Pulses (beans, peas and lentils)","6212","Percentage of women consuming each food group","10001","Urban","6121","Value","%","14.600000","E"
"116_2021","Cambodia - 2021","FGW3","Nuts and seeds","6212","Percentage of women consuming each food group","10000","National","6121","Value","%","6.600000","E"
"116_2021","Cambodia - 2021","FGW3","Nuts and seeds","6212","Percentage of women consuming each food group","10002","Rural","6121","Value","%","4.300000","E"
"116_2021","Cambodia - 2021","FGW3","Nuts and seeds","6212","Percentage of women consuming each food group","10001","Urban","6121","Value","%","9.800000","E"
"116_2021","Cambodia - 2021","FGW4","Dairy","6212","Percentage of women consuming each food group","10000","National","6121","Value","%","29.100000","E"
"116_2021","Cambodia - 2021","FGW4","Dairy","6212","Percentage of women consuming each food group","10002","Rural","6121","Value","%","23.200000","E"
"116_2021","Cambodia - 2021","FGW4","Dairy","6212","Percentage of women consuming each food group","10001","Urban","6121","Value","%","37.200000","E"
"116_2021","Cambodia - 2021","FGW5","Meat, poultry and fish","6212","Percentage of women consuming each food group","10000","National","6121","Value","%","97.000000","E"
"116_2021","Cambodia - 2021","FGW5","Meat, poultry and fish","6212","Percentage of women consuming each food group","10002","Rural","6121","Value","%","96.600000","E"
"116_2021","Cambodia - 2021","FGW5","Meat, poultry and fish","6212","Percentage of women consuming each food group","10001","Urban","6121","Value","%","97.500000","E"
"116_2021","Cambodia - 2021","FGW6","Eggs","6212","Percentage of women consuming each food group","10000","National","6121","Value","%","41.200000","E"
"116_2021","Cambodia - 2021","FGW6","Eggs","6212","Percentage of women consuming each food group","10002","Rural","6121","Value","%","39.600000","E"
"116_2021","Cambodia - 2021","FGW6","Eggs","6212","Percentage of women consuming each food group","10001","Urban","6121","Value","%","43.500000","E"
"116_2021","Cambodia - 2021","FGW7","Dark green leafy vegetables","6212","Percentage of women consuming each food group","10000","National","6121","Value","%","65.200000","E"
"116_2021","Cambodia - 2021","FGW7","Dark green leafy vegetables","6212","Percentage of women consuming each food group","10002","Rural","6121","Value","%","62.400000","E"
"116_2021","Cambodia - 2021","FGW7","Dark green leafy vegetables","6212","Percentage of women consuming each food group","10001","Urban","6121","Value","%","69.000000","E"
"116_2021","Cambodia - 2021","FGW8","Other vitamin A-rich fruits and vegetables","6212","Percentage of women consuming each food group","10000","National","6121","Value","%","39.500000","E"
"116_2021","Cambodia - 2021","FGW8","Other vitamin A-rich fruits and vegetables","6212","Percentage of women consuming each food group","10002","Rural","6121","Value","%","33.900000","E"
"116_2021","Cambodia - 2021","FGW8","Other vitamin A-rich fruits and vegetables","6212","Percentage of women consuming each food group","10001","Urban","6121","Value","%","47.000000","E"
"116_2021","Cambodia - 2021","FGW9","Vegetables, other","6212","Percentage of women consuming each food group","10000","National","6121","Value","%","54.800000","E"
"116_2021","Cambodia - 2021","FGW9","Vegetables, other","6212","Percentage of women consuming each food group","10002","Rural","6121","Value","%","50.600000","E"
"116_2021","Cambodia - 2021","FGW9","Vegetables, other","6212","Percentage of women consuming each food group","10001","Urban","6121","Value","%","60.600000","E"
"116_2021","Cambodia - 2021","FGW10","Fruits, other","6212","Percentage of women consuming each food group","10000","National","6121","Value","%","50.900000","E"
"116_2021","Cambodia - 2021","FGW10","Fruits, other","6212","Percentage of women consuming each food group","10002","Rural","6121","Value","%","45.000000","E"
"116_2021","Cambodia - 2021","FGW10","Fruits, other","6212","Percentage of women consuming each food group","10001","Urban","6121","Value","%","58.900000","E"
"116_2021","Cambodia - 2021","FGW11","Fried and salty snacks","6212","Percentage of women consuming each food group","10000","National","6121","Value","%","18.200000","E"
"116_2021","Cambodia - 2021","FGW11","Fried and salty snacks","6212","Percentage of women consuming each food group","10002","Rural","6121","Value","%","16.900000","E"
"116_2021","Cambodia - 2021","FGW11","Fried and salty snacks","6212","Percentage of women consuming each food group","10001","Urban","6121","Value","%","20.100000","E"
"116_2021","Cambodia - 2021","FGW12","Sweet foods","6212","Percentage of women consuming each food group","10000","National","6121","Value","%","21.100000","E"
"116_2021","Cambodia - 2021","FGW12","Sweet foods","6212","Percentage of women consuming each food group","10002","Rural","6121","Value","%","20.300000","E"
"116_2021","Cambodia - 2021","FGW12","Sweet foods","6212","Percentage of women consuming each food group","10001","Urban","6121","Value","%","22.100000","E"
"116_2021","Cambodia - 2021","FGW13","Sweet beverages","6212","Percentage of women consuming each food group","10000","National","6121","Value","%","62.600000","E"
"116_2021","Cambodia - 2021","FGW13","Sweet beverages","6212","Percentage of women consuming each food group","10002","Rural","6121","Value","%","57.500000","E"
"116_2021","Cambodia - 2021","FGW13","Sweet beverages","6212","Percentage of women consuming each food group","10001","Urban","6121","Value","%","69.500000","E"
"116_2021","Cambodia - 2021","FGW18","Other beverages and foods","6212","Percentage of women consuming each food group","10000","National","6121","Value","%","6.700000","E"
"116_2021","Cambodia - 2021","FGW18","Other beverages and foods","6212","Percentage of women consuming each food group","10002","Rural","6121","Value","%","9.300000","E"
"116_2021","Cambodia - 2021","FGW18","Other beverages and foods","6212","Percentage of women consuming each food group","10001","Urban","6121","Value","%","3.100000","E"
"384_2021","Côte d'Ivoire - 2021","FGW0","MDD-W Food groups","6211","Percentage of women achieving MDD-W","10000","National","6121","Value","%","29.400000","E"
"384_2021","Côte d'Ivoire - 2021","FGW0","MDD-W Food groups","6211","Percentage of women achieving MDD-W","10002","Rural","6121","Value","%","22.700000","E"
"384_2021","Côte d'Ivoire - 2021","FGW0","MDD-W Food groups","6211","Percentage of women achieving MDD-W","10001","Urban","6121","Value","%","33.800000","E"
"384_2021","Côte d'Ivoire - 2021","FGW1","Grains, white roots and tubers, and plantains","6212","Percentage of women consuming each food group","10000","National","6121","Value","%","97.700000","E"
"384_2021","Côte d'Ivoire - 2021","FGW1","Grains, white roots and tubers, and plantains","6212","Percentage of women consuming each food group","10002","Rural","6121","Value","%","98.500000","E"
"384_2021","Côte d'Ivoire - 2021","FGW1","Grains, white roots and tubers, and plantains","6212","Percentage of women consuming each food group","10001","Urban","6121","Value","%","97.100000","E"
"384_2021","Côte d'Ivoire - 2021","FGW1A","Foods made from grains","6212","Percentage of women consuming each food group","10000","National","6121","Value","%","87.900000","E"
"384_2021","Côte d'Ivoire - 2021","FGW1A","Foods made from grains","6212","Percentage of women consuming each food group","10002","Rural","6121","Value","%","87.500000","E"
"384_2021","Côte d'Ivoire - 2021","FGW1A","Foods made from grains","6212","Percentage of women consuming each food group","10001","Urban","6121","Value","%","88.200000","E"
"384_2021","Côte d'Ivoire - 2021","FGW1B","White roots and tubers or plantains","6212","Percentage of women consuming each food group","10000","National","6121","Value","%","59.700000","E"
"384_2021","Côte d'Ivoire - 2021","FGW1B","White roots and tubers or plantains","6212","Percentage of women consuming each food group","10002","Rural","6121","Value","%","57.900000","E"
"384_2021","Côte d'Ivoire - 2021","FGW1B","White roots and tubers or plantains","6212","Percentage of women consuming each food group","10001","Urban","6121","Value","%","60.900000","E"
"384_2021","Côte d'Ivoire - 2021","FGW2","Pulses (beans, peas and lentils)","6212","Percentage of women consuming each food group","10000","National","6121","Value","%","9.100000","E"
"384_2021","Côte d'Ivoire - 2021","FGW2","Pulses (beans, peas and lentils)","6212","Percentage of women consuming each food group","10002","Rural","6121","Value","%","9.500000","E"
"384_2021","Côte d'Ivoire - 2021","FGW2","Pulses (beans, peas and lentils)","6212","Percentage of women consuming each food group","10001","Urban","6121","Value","%","8.800000","E"
"384_2021","Côte d'Ivoire - 2021","FGW3","Nuts and seeds","6212","Percentage of women consuming each food group","10000","National","6121","Value","%","25.000000","E"
"384_2021","Côte d'Ivoire - 2021","FGW3","Nuts and seeds","6212","Percentage of women consuming each food group","10002","Rural","6121","Value","%","28.100000","E"
"384_2021","Côte d'Ivoire - 2021","FGW3","Nuts and seeds","6212","Percentage of women consuming each food group","10001","Urban","6121","Value","%","23.100000","E"
"384_2021","Côte d'Ivoire - 2021","FGW4","Dairy","6212","Percentage of women consuming each food group","10000","National","6121","Value","%","20.200000","E"
"384_2021","Côte d'Ivoire - 2021","FGW4","Dairy","6212","Percentage of women consuming each food group","10002","Rural","6121","Value","%","13.100000","E"
"384_2021","Côte d'Ivoire - 2021","FGW4","Dairy","6212","Percentage of women consuming each food group","10001","Urban","6121","Value","%","24.700000","E"
"384_2021","Côte d'Ivoire - 2021","FGW5","Meat, poultry and fish","6212","Percentage of women consuming each food group","10000","National","6121","Value","%","85.800000","E"
"384_2021","Côte d'Ivoire - 2021","FGW5","Meat, poultry and fish","6212","Percentage of women consuming each food group","10002","Rural","6121","Value","%","82.400000","E"
"384_2021","Côte d'Ivoire - 2021","FGW5","Meat, poultry and fish","6212","Percentage of women consuming each food group","10001","Urban","6121","Value","%","88.000000","E"
"384_2021","Côte d'Ivoire - 2021","FGW6","Eggs","6212","Percentage of women consuming each food group","10000","National","6121","Value","%","22.100000","E"
"384_2021","Côte d'Ivoire - 2021","FGW6","Eggs","6212","Percentage of women consuming each food group","10002","Rural","6121","Value","%","12.000000","E"
"384_2021","Côte d'Ivoire - 2021","FGW6","Eggs","6212","Percentage of women consuming each food group","10001","Urban","6121","Value","%","28.600000","E"
"384_2021","Côte d'Ivoire - 2021","FGW7","Dark green leafy vegetables","6212","Percentage of women consuming each food group","10000","National","6121","Value","%","26.600000","E"
"384_2021","Côte d'Ivoire - 2021","FGW7","Dark green leafy vegetables","6212","Percentage of women consuming each food group","10002","Rural","6121","Value","%","25.400000","E"
"384_2021","Côte d'Ivoire - 2021","FGW7","Dark green leafy vegetables","6212","Percentage of women consuming each food group","10001","Urban","6121","Value","%","27.300000","E"
"384_2021","Côte d'Ivoire - 2021","FGW8","Other vitamin A-rich fruits and vegetables","6212","Percentage of women consuming each food group","10000","National","6121","Value","%","16.400000","E"
"384_2021","Côte d'Ivoire - 2021","FGW8","Other vitamin A-rich fruits and vegetables","6212","Percentage of women consuming each food group","10002","Rural","6121","Value","%","11.100000","E"
"384_2021","Côte d'Ivoire - 2021","FGW8","Other vitamin A-rich fruits and vegetables","6212","Percentage of women consuming each food group","10001","Urban","6121","Value","%","19.800000","E"
"384_2021","Côte d'Ivoire - 2021","FGW9","Vegetables, other","6212","Percentage of women consuming each food group","10000","National","6121","Value","%","66.100000","E"
"384_2021","Côte d'Ivoire - 2021","FGW9","Vegetables, other","6212","Percentage of women consuming each food group","10002","Rural","6121","Value","%","69.400000","E"
"384_2021","Côte d'Ivoire - 2021","FGW9","Vegetables, other","6212","Percentage of women consuming each food group","10001","Urban","6121","Value","%","63.900000","E"
"384_2021","Côte d'Ivoire - 2021","FGW10","Fruits, other","6212","Percentage of women consuming each food group","10000","National","6121","Value","%","20.000000","E"
"384_2021","Côte d'Ivoire - 2021","FGW10","Fruits, other","6212","Percentage of women consuming each food group","10002","Rural","6121","Value","%","16.600000","E"
"384_2021","Côte d'Ivoire - 2021","FGW10","Fruits, other","6212","Percentage of women consuming each food group","10001","Urban","6121","Value","%","22.200000","E"
"384_2021","Côte d'Ivoire - 2021","FGW11","Fried and salty snacks","6212","Percentage of women consuming each food group","10000","National","6121","Value","%","18.600000","E"
"384_2021","Côte d'Ivoire - 2021","FGW11","Fried and salty snacks","6212","Percentage of women consuming each food group","10002","Rural","6121","Value","%","11.000000","E"
"384_2021","Côte d'Ivoire - 2021","FGW11","Fried and salty snacks","6212","Percentage of women consuming each food group","10001","Urban","6121","Value","%","23.500000","E"
"384_2021","Côte d'Ivoire - 2021","FGW12","Sweet foods","6212","Percentage of women consuming each food group","10000","National","6121","Value","%","17.500000","E"
"384_2021","Côte d'Ivoire - 2021","FGW12","Sweet foods","6212","Percentage of women consuming each food group","10002","Rural","6121","Value","%","11.800000","E"
"384_2021","Côte d'Ivoire - 2021","FGW12","Sweet foods","6212","Percentage of women consuming each food group","10001","Urban","6121","Value","%","21.200000","E"
"384_2021","Côte d'Ivoire - 2021","FGW13","Sweet beverages","6212","Percentage of women consuming each food group","10000","National","6121","Value","%","34.600000","E"
"384_2021","Côte d'Ivoire - 2021","FGW13","Sweet beverages","6212","Percentage of women consuming each food group","10002","Rural","6121","Value","%","23.100000","E"
"384_2021","Côte d'Ivoire - 2021","FGW13","Sweet beverages","6212","Percentage of women consuming each food group","10001","Urban","6121","Value","%","42.000000","E"
"384_2021","Côte d'Ivoire - 2021","FGW15","Red palm oil","6212","Percentage of women consuming each food group","10000","National","6121","Value","%","37.900000","E"
"384_2021","Côte d'Ivoire - 2021","FGW15","Red palm oil","6212","Percentage of women consuming each food group","10002","Rural","6121","Value","%","36.700000","E"
"384_2021","Côte d'Ivoire - 2021","FGW15","Red palm oil","6212","Percentage of women consuming each food group","10001","Urban","6121","Value","%","38.700000","E"
"384_2021","Côte d'Ivoire - 2021","FGW18","Other beverages and foods","6212","Percentage of women consuming each food group","10000","National","6121","Value","%","2.400000","E"
"384_2021","Côte d'Ivoire - 2021","FGW18","Other beverages and foods","6212","Percentage of women consuming each food group","10002","Rural","6121","Value","%","2.300000","E"
"384_2021","Côte d'Ivoire - 2021","FGW18","Other beverages and foods","6212","Percentage of women consuming each food group","10001","Urban","6121","Value","%","2.400000","E"
"231_2021","Ethiopia - 2021","FGW0","MDD-W Food groups","6211","Percentage of women achieving MDD-W","10000","National","6121","Value","%","16.600000","E"
"231_2021","Ethiopia - 2021","FGW0","MDD-W Food groups","6211","Percentage of women achieving MDD-W","10002","Rural","6121","Value","%","13.500000","E"
"231_2021","Ethiopia - 2021","FGW0","MDD-W Food groups","6211","Percentage of women achieving MDD-W","10001","Urban","6121","Value","%","25.900000","E"
"231_2021","Ethiopia - 2021","FGW1","Grains, white roots and tubers, and plantains","6212","Percentage of women consuming each food group","10000","National","6121","Value","%","91.700000","E"
"231_2021","Ethiopia - 2021","FGW1","Grains, white roots and tubers, and plantains","6212","Percentage of women consuming each food group","10002","Rural","6121","Value","%","90.800000","E"
"231_2021","Ethiopia - 2021","FGW1","Grains, white roots and tubers, and plantains","6212","Percentage of women consuming each food group","10001","Urban","6121","Value","%","94.300000","E"
"231_2021","Ethiopia - 2021","FGW1A","Foods made from grains","6212","Percentage of women consuming each food group","10000","National","6121","Value","%","89.100000","E"
"231_2021","Ethiopia - 2021","FGW1A","Foods made from grains","6212","Percentage of women consuming each food group","10002","Rural","6121","Value","%","87.500000","E"
"231_2021","Ethiopia - 2021","FGW1A","Foods made from grains","6212","Percentage of women consuming each food group","10001","Urban","6121","Value","%","93.600000","E"
"231_2021","Ethiopia - 2021","FGW1B","White roots and tubers or plantains","6212","Percentage of women consuming each food group","10000","National","6121","Value","%","42.500000","E"
"231_2021","Ethiopia - 2021","FGW1B","White roots and tubers or plantains","6212","Percentage of women consuming each food group","10002","Rural","6121","Value","%","40.300000","E"
"231_2021","Ethiopia - 2021","FGW1B","White roots and tubers or plantains","6212","Percentage of women consuming each food group","10001","Urban","6121","Value","%","49.200000","E"
"231_2021","Ethiopia - 2021","FGW2","Pulses (beans, peas and lentils)","6212","Percentage of women consuming each food group","10000","National","6121","Value","%","59.700000","E"
"231_2021","Ethiopia - 2021","FGW2","Pulses (beans, peas and lentils)","6212","Percentage of women consuming each food group","10002","Rural","6121","Value","%","56.200000","E"
"231_2021","Ethiopia - 2021","FGW2","Pulses (beans, peas and lentils)","6212","Percentage of women consuming each food group","10001","Urban","6121","Value","%","70.400000","E"
"231_2021","Ethiopia - 2021","FGW3","Nuts and seeds","6212","Percentage of women consuming each food group","10000","National","6121","Value","%","2.800000","E"
"231_2021","Ethiopia - 2021","FGW3","Nuts and seeds","6212","Percentage of women consuming each food group","10002","Rural","6121","Value","%","2.600000","E"
"231_2021","Ethiopia - 2021","FGW3","Nuts and seeds","6212","Percentage of women consuming each food group","10001","Urban","6121","Value","%","3.500000","E"
"231_2021","Ethiopia - 2021","FGW4","Dairy","6212","Percentage of women consuming each food group","10000","National","6121","Value","%","21.700000","E"
"231_2021","Ethiopia - 2021","FGW4","Dairy","6212","Percentage of women consuming each food group","10002","Rural","6121","Value","%","23.700000","E"
"231_2021","Ethiopia - 2021","FGW4","Dairy","6212","Percentage of women consuming each food group","10001","Urban","6121","Value","%","15.800000","E"
"231_2021","Ethiopia - 2021","FGW5","Meat, poultry and fish","6212","Percentage of women consuming each food group","10000","National","6121","Value","%","12.900000","E"
"231_2021","Ethiopia - 2021","FGW5","Meat, poultry and fish","6212","Percentage of women consuming each food group","10002","Rural","6121","Value","%","10.400000","E"
"231_2021","Ethiopia - 2021","FGW5","Meat, poultry and fish","6212","Percentage of women consuming each food group","10001","Urban","6121","Value","%","20.200000","E"
"231_2021","Ethiopia - 2021","FGW6","Eggs","6212","Percentage of women consuming each food group","10000","National","6121","Value","%","8.000000","E"
"231_2021","Ethiopia - 2021","FGW6","Eggs","6212","Percentage of women consuming each food group","10002","Rural","6121","Value","%","6.400000","E"
"231_2021","Ethiopia - 2021","FGW6","Eggs","6212","Percentage of women consuming each food group","10001","Urban","6121","Value","%","12.700000","E"
"231_2021","Ethiopia - 2021","FGW7","Dark green leafy vegetables","6212","Percentage of women consuming each food group","10000","National","6121","Value","%","24.600000","E"
"231_2021","Ethiopia - 2021","FGW7","Dark green leafy vegetables","6212","Percentage of women consuming each food group","10002","Rural","6121","Value","%","23.800000","E"
"231_2021","Ethiopia - 2021","FGW7","Dark green leafy vegetables","6212","Percentage of women consuming each food group","10001","Urban","6121","Value","%","27.100000","E"
"231_2021","Ethiopia - 2021","FGW8","Other vitamin A-rich fruits and vegetables","6212","Percentage of women consuming each food group","10000","National","6121","Value","%","17.500000","E"
"231_2021","Ethiopia - 2021","FGW8","Other vitamin A-rich fruits and vegetables","6212","Percentage of women consuming each food group","10002","Rural","6121","Value","%","16.400000","E"
"231_2021","Ethiopia - 2021","FGW8","Other vitamin A-rich fruits and vegetables","6212","Percentage of women consuming each food group","10001","Urban","6121","Value","%","20.800000","E"
"231_2021","Ethiopia - 2021","FGW9","Vegetables, other","6212","Percentage of women consuming each food group","10000","National","6121","Value","%","38.100000","E"
"231_2021","Ethiopia - 2021","FGW9","Vegetables, other","6212","Percentage of women consuming each food group","10002","Rural","6121","Value","%","32.300000","E"
"231_2021","Ethiopia - 2021","FGW9","Vegetables, other","6212","Percentage of women consuming each food group","10001","Urban","6121","Value","%","55.400000","E"
"231_2021","Ethiopia - 2021","FGW10","Fruits, other","6212","Percentage of women consuming each food group","10000","National","6121","Value","%","20.900000","E"
"231_2021","Ethiopia - 2021","FGW10","Fruits, other","6212","Percentage of women consuming each food group","10002","Rural","6121","Value","%","18.700000","E"
"231_2021","Ethiopia - 2021","FGW10","Fruits, other","6212","Percentage of women consuming each food group","10001","Urban","6121","Value","%","27.600000","E"
"231_2021","Ethiopia - 2021","FGW11","Fried and salty snacks","6212","Percentage of women consuming each food group","10000","National","6121","Value","%","11.000000","E"
"231_2021","Ethiopia - 2021","FGW11","Fried and salty snacks","6212","Percentage of women consuming each food group","10002","Rural","6121","Value","%","6.500000","E"
"231_2021","Ethiopia - 2021","FGW11","Fried and salty snacks","6212","Percentage of women consuming each food group","10001","Urban","6121","Value","%","24.500000","E"
"231_2021","Ethiopia - 2021","FGW12","Sweet foods","6212","Percentage of women consuming each food group","10000","National","6121","Value","%","4.700000","E"
"231_2021","Ethiopia - 2021","FGW12","Sweet foods","6212","Percentage of women consuming each food group","10002","Rural","6121","Value","%","4.000000","E"
"231_2021","Ethiopia - 2021","FGW12","Sweet foods","6212","Percentage of women consuming each food group","10001","Urban","6121","Value","%","6.700000","E"
"231_2021","Ethiopia - 2021","FGW13","Sweet beverages","6212","Percentage of women consuming each food group","10000","National","6121","Value","%","45.400000","E"
"231_2021","Ethiopia - 2021","FGW13","Sweet beverages","6212","Percentage of women consuming each food group","10002","Rural","6121","Value","%","38.000000","E"
"231_2021","Ethiopia - 2021","FGW13","Sweet beverages","6212","Percentage of women consuming each food group","10001","Urban","6121","Value","%","67.500000","E"
"242_2021","Fiji - 2021","FGW0","MDD-W Food groups","6211","Percentage of women achieving MDD-W","10000","National","6121","Value","%","61.300000","E"
"242_2021","Fiji - 2021","FGW0","MDD-W Food groups","6211","Percentage of women achieving MDD-W","10002","Rural","6121","Value","%","53.600000","E"
"242_2021","Fiji - 2021","FGW0","MDD-W Food groups","6211","Percentage of women achieving MDD-W","10001","Urban","6121","Value","%","66.000000","E"
"242_2021","Fiji - 2021","FGW1","Grains, white roots and tubers, and plantains","6212","Percentage of women consuming each food group","10000","National","6121","Value","%","98.300000","E"
"242_2021","Fiji - 2021","FGW1","Grains, white roots and tubers, and plantains","6212","Percentage of women consuming each food group","10002","Rural","6121","Value","%","99.100000","E"
"242_2021","Fiji - 2021","FGW1","Grains, white roots and tubers, and plantains","6212","Percentage of women consuming each food group","10001","Urban","6121","Value","%","97.800000","E"
"242_2021","Fiji - 2021","FGW1A","Foods made from grains","6212","Percentage of women consuming each food group","10000","National","6121","Value","%","92.100000","E"
"242_2021","Fiji - 2021","FGW1A","Foods made from grains","6212","Percentage of women consuming each food group","10002","Rural","6121","Value","%","92.000000","E"
"242_2021","Fiji - 2021","FGW1A","Foods made from grains","6212","Percentage of women consuming each food group","10001","Urban","6121","Value","%","92.200000","E"
"242_2021","Fiji - 2021","FGW1B","White roots and tubers or plantains","6212","Percentage of women consuming each food group","10000","National","6121","Value","%","78.400000","E"
"242_2021","Fiji - 2021","FGW1B","White roots and tubers or plantains","6212","Percentage of women consuming each food group","10002","Rural","6121","Value","%","84.200000","E"
"242_2021","Fiji - 2021","FGW1B","White roots and tubers or plantains","6212","Percentage of women consuming each food group","10001","Urban","6121","Value","%","74.800000","E"
"242_2021","Fiji - 2021","FGW2","Pulses (beans, peas and lentils)","6212","Percentage of women consuming each food group","10000","National","6121","Value","%","40.400000","E"
"242_2021","Fiji - 2021","FGW2","Pulses (beans, peas and lentils)","6212","Percentage of women consuming each food group","10002","Rural","6121","Value","%","38.200000","E"
"242_2021","Fiji - 2021","FGW2","Pulses (beans, peas and lentils)","6212","Percentage of women consuming each food group","10001","Urban","6121","Value","%","41.800000","E"
"242_2021","Fiji - 2021","FGW3","Nuts and seeds","6212","Percentage of women consuming each food group","10000","National","6121","Value","%","23.300000","E"
"242_2021","Fiji - 2021","FGW3","Nuts and seeds","6212","Percentage of women consuming each food group","10002","Rural","6121","Value","%","18.200000","E"
"242_2021","Fiji - 2021","FGW3","Nuts and seeds","6212","Percentage of women consuming each food group","10001","Urban","6121","Value","%","26.300000","E"
"242_2021","Fiji - 2021","FGW4","Dairy","6212","Percentage of women consuming each food group","10000","National","6121","Value","%","58.400000","E"
"242_2021","Fiji - 2021","FGW4","Dairy","6212","Percentage of women consuming each food group","10002","Rural","6121","Value","%","47.200000","E"
"242_2021","Fiji - 2021","FGW4","Dairy","6212","Percentage of women consuming each food group","10001","Urban","6121","Value","%","65.100000","E"
"242_2021","Fiji - 2021","FGW5","Meat, poultry and fish","6212","Percentage of women consuming each food group","10000","National","6121","Value","%","78.300000","E"
"242_2021","Fiji - 2021","FGW5","Meat, poultry and fish","6212","Percentage of women consuming each food group","10002","Rural","6121","Value","%","77.700000","E"
"242_2021","Fiji - 2021","FGW5","Meat, poultry and fish","6212","Percentage of women consuming each food group","10001","Urban","6121","Value","%","78.700000","E"
"242_2021","Fiji - 2021","FGW6","Eggs","6212","Percentage of women consuming each food group","10000","National","6121","Value","%","41.300000","E"
"242_2021","Fiji - 2021","FGW6","Eggs","6212","Percentage of women consuming each food group","10002","Rural","6121","Value","%","33.700000","E"
"242_2021","Fiji - 2021","FGW6","Eggs","6212","Percentage of women consuming each food group","10001","Urban","6121","Value","%","45.900000","E"
"242_2021","Fiji - 2021","FGW7","Dark green leafy vegetables","6212","Percentage of women consuming each food group","10000","National","6121","Value","%","70.300000","E"
"242_2021","Fiji - 2021","FGW7","Dark green leafy vegetables","6212","Percentage of women consuming each food group","10002","Rural","6121","Value","%","73.200000","E"
"242_2021","Fiji - 2021","FGW7","Dark green leafy vegetables","6212","Percentage of women consuming each food group","10001","Urban","6121","Value","%","68.500000","E"
"242_2021","Fiji - 2021","FGW8","Other vitamin A-rich fruits and vegetables","6212","Percentage of women consuming each food group","10000","National","6121","Value","%","50.900000","E"
"242_2021","Fiji - 2021","FGW8","Other vitamin A-rich fruits and vegetables","6212","Percentage of women consuming each food group","10002","Rural","6121","Value","%","44.600000","E"
"242_2021","Fiji - 2021","FGW8","Other vitamin A-rich fruits and vegetables","6212","Percentage of women consuming each food group","10001","Urban","6121","Value","%","54.800000","E"
"242_2021","Fiji - 2021","FGW9","Vegetables, other","6212","Percentage of women consuming each food group","10000","National","6121","Value","%","20.500000","E"
"242_2021","Fiji - 2021","FGW9","Vegetables, other","6212","Percentage of women consuming each food group","10002","Rural","6121","Value","%","18.600000","E"
"242_2021","Fiji - 2021","FGW9","Vegetables, other","6212","Percentage of women consuming each food group","10001","Urban","6121","Value","%","21.600000","E"
"242_2021","Fiji - 2021","FGW10","Fruits, other","6212","Percentage of women consuming each food group","10000","National","6121","Value","%","46.200000","E"
"242_2021","Fiji - 2021","FGW10","Fruits, other","6212","Percentage of women consuming each food group","10002","Rural","6121","Value","%","42.400000","E"
"242_2021","Fiji - 2021","FGW10","Fruits, other","6212","Percentage of women consuming each food group","10001","Urban","6121","Value","%","48.500000","E"
"242_2021","Fiji - 2021","FGW17","Condiments and seasonings","6212","Percentage of women consuming each food group","10000","National","6121","Value","%","89.200000","E"
"242_2021","Fiji - 2021","FGW17","Condiments and seasonings","6212","Percentage of women consuming each food group","10002","Rural","6121","Value","%","88.000000","E"
"242_2021","Fiji - 2021","FGW17","Condiments and seasonings","6212","Percentage of women consuming each food group","10001","Urban","6121","Value","%","89.600000","E"
"288_2022","Ghana - 2022","FGW0","MDD-W Food groups","6211","Percentage of women achieving MDD-W","10000","National","6121","Value","%","49.900000","E"
"288_2022","Ghana - 2022","FGW0","MDD-W Food groups","6211","Percentage of women achieving MDD-W","10002","Rural","6121","Value","%","46.700000","E"
"288_2022","Ghana - 2022","FGW0","MDD-W Food groups","6211","Percentage of women achieving MDD-W","10001","Urban","6121","Value","%","52.400000","E"
"288_2022","Ghana - 2022","FGW1","Grains, white roots and tubers, and plantains","6212","Percentage of women consuming each food group","10000","National","6121","Value","%","98.900000","E"
"288_2022","Ghana - 2022","FGW1","Grains, white roots and tubers, and plantains","6212","Percentage of women consuming each food group","10002","Rural","6121","Value","%","98.900000","E"
"288_2022","Ghana - 2022","FGW1","Grains, white roots and tubers, and plantains","6212","Percentage of women consuming each food group","10001","Urban","6121","Value","%","98.900000","E"
"288_2022","Ghana - 2022","FGW1A","Foods made from grains","6212","Percentage of women consuming each food group","10000","National","6121","Value","%","91.100000","E"
"288_2022","Ghana - 2022","FGW1A","Foods made from grains","6212","Percentage of women consuming each food group","10002","Rural","6121","Value","%","89.700000","E"
"288_2022","Ghana - 2022","FGW1A","Foods made from grains","6212","Percentage of women consuming each food group","10001","Urban","6121","Value","%","92.100000","E"
"288_2022","Ghana - 2022","FGW1B","White roots and tubers or plantains","6212","Percentage of women consuming each food group","10000","National","6121","Value","%","61.800000","E"
"288_2022","Ghana - 2022","FGW1B","White roots and tubers or plantains","6212","Percentage of women consuming each food group","10002","Rural","6121","Value","%","65.900000","E"
"288_2022","Ghana - 2022","FGW1B","White roots and tubers or plantains","6212","Percentage of women consuming each food group","10001","Urban","6121","Value","%","58.700000","E"
"288_2022","Ghana - 2022","FGW2","Pulses (beans, peas and lentils)","6212","Percentage of women consuming each food group","10000","National","6121","Value","%","23.500000","E"
"288_2022","Ghana - 2022","FGW2","Pulses (beans, peas and lentils)","6212","Percentage of women consuming each food group","10002","Rural","6121","Value","%","25.500000","E"
"288_2022","Ghana - 2022","FGW2","Pulses (beans, peas and lentils)","6212","Percentage of women consuming each food group","10001","Urban","6121","Value","%","22.000000","E"
"288_2022","Ghana - 2022","FGW3","Nuts and seeds","6212","Percentage of women consuming each food group","10000","National","6121","Value","%","34.200000","E"
"288_2022","Ghana - 2022","FGW3","Nuts and seeds","6212","Percentage of women consuming each food group","10002","Rural","6121","Value","%","38.700000","E"
"288_2022","Ghana - 2022","FGW3","Nuts and seeds","6212","Percentage of women consuming each food group","10001","Urban","6121","Value","%","30.800000","E"
"288_2022","Ghana - 2022","FGW4","Dairy","6212","Percentage of women consuming each food group","10000","National","6121","Value","%","15.400000","E"
"288_2022","Ghana - 2022","FGW4","Dairy","6212","Percentage of women consuming each food group","10002","Rural","6121","Value","%","8.100000","E"
"288_2022","Ghana - 2022","FGW4","Dairy","6212","Percentage of women consuming each food group","10001","Urban","6121","Value","%","20.900000","E"
"288_2022","Ghana - 2022","FGW5","Meat, poultry and fish","6212","Percentage of women consuming each food group","10000","National","6121","Value","%","91.000000","E"
"288_2022","Ghana - 2022","FGW5","Meat, poultry and fish","6212","Percentage of women consuming each food group","10002","Rural","6121","Value","%","89.800000","E"
"288_2022","Ghana - 2022","FGW5","Meat, poultry and fish","6212","Percentage of women consuming each food group","10001","Urban","6121","Value","%","91.900000","E"
"288_2022","Ghana - 2022","FGW6","Eggs","6212","Percentage of women consuming each food group","10000","National","6121","Value","%","27.600000","E"
"288_2022","Ghana - 2022","FGW6","Eggs","6212","Percentage of women consuming each food group","10002","Rural","6121","Value","%","18.300000","E"
"288_2022","Ghana - 2022","FGW6","Eggs","6212","Percentage of women consuming each food group","10001","Urban","6121","Value","%","34.700000","E"
"288_2022","Ghana - 2022","FGW7","Dark green leafy vegetables","6212","Percentage of women consuming each food group","10000","National","6121","Value","%","71.800000","E"
"288_2022","Ghana - 2022","FGW7","Dark green leafy vegetables","6212","Percentage of women consuming each food group","10002","Rural","6121","Value","%","73.100000","E"
"288_2022","Ghana - 2022","FGW7","Dark green leafy vegetables","6212","Percentage of women consuming each food group","10001","Urban","6121","Value","%","70.900000","E"
"288_2022","Ghana - 2022","FGW8","Other vitamin A-rich fruits and vegetables","6212","Percentage of women consuming each food group","10000","National","6121","Value","%","15.700000","E"
"288_2022","Ghana - 2022","FGW8","Other vitamin A-rich fruits and vegetables","6212","Percentage of women consuming each food group","10002","Rural","6121","Value","%","11.800000","E"
"288_2022","Ghana - 2022","FGW8","Other vitamin A-rich fruits and vegetables","6212","Percentage of women consuming each food group","10001","Urban","6121","Value","%","18.700000","E"
"288_2022","Ghana - 2022","FGW9","Vegetables, other","6212","Percentage of women consuming each food group","10000","National","6121","Value","%","51.500000","E"
"288_2022","Ghana - 2022","FGW9","Vegetables, other","6212","Percentage of women consuming each food group","10002","Rural","6121","Value","%","54.600000","E"
"288_2022","Ghana - 2022","FGW9","Vegetables, other","6212","Percentage of women consuming each food group","10001","Urban","6121","Value","%","49.200000","E"
"288_2022","Ghana - 2022","FGW10","Fruits, other","6212","Percentage of women consuming each food group","10000","National","6121","Value","%","34.000000","E"
"288_2022","Ghana - 2022","FGW10","Fruits, other","6212","Percentage of women consuming each food group","10002","Rural","6121","Value","%","31.400000","E"
"288_2022","Ghana - 2022","FGW10","Fruits, other","6212","Percentage of women consuming each food group","10001","Urban","6121","Value","%","35.900000","E"
"288_2022","Ghana - 2022","FGW11","Fried and salty snacks","6212","Percentage of women consuming each food group","10000","National","6121","Value","%","10.600000","E"
"288_2022","Ghana - 2022","FGW11","Fried and salty snacks","6212","Percentage of women consuming each food group","10002","Rural","6121","Value","%","6.600000","E"
"288_2022","Ghana - 2022","FGW11","Fried and salty snacks","6212","Percentage of women consuming each food group","10001","Urban","6121","Value","%","13.600000","E"
"288_2022","Ghana - 2022","FGW12","Sweet foods","6212","Percentage of women consuming each food group","10000","National","6121","Value","%","21.900000","E"
"288_2022","Ghana - 2022","FGW12","Sweet foods","6212","Percentage of women consuming each food group","10002","Rural","6121","Value","%","16.800000","E"
"288_2022","Ghana - 2022","FGW12","Sweet foods","6212","Percentage of women consuming each food group","10001","Urban","6121","Value","%","25.700000","E"
"288_2022","Ghana - 2022","FGW13","Sweet beverages","6212","Percentage of women consuming each food group","10000","National","6121","Value","%","37.100000","E"
"288_2022","Ghana - 2022","FGW13","Sweet beverages","6212","Percentage of women consuming each food group","10002","Rural","6121","Value","%","27.000000","E"
"288_2022","Ghana - 2022","FGW13","Sweet beverages","6212","Percentage of women consuming each food group","10001","Urban","6121","Value","%","44.700000","E"
"288_2022","Ghana - 2022","FGW15","Red palm oil","6212","Percentage of women consuming each food group","10000","National","6121","Value","%","30.200000","E"
"288_2022","Ghana - 2022","FGW15","Red palm oil","6212","Percentage of women consuming each food group","10002","Rural","6121","Value","%","28.300000","E"
"288_2022","Ghana - 2022","FGW15","Red palm oil","6212","Percentage of women consuming each food group","10001","Urban","6121","Value","%","31.700000","E"
"288_2022","Ghana - 2022","FGW18","Other beverages and foods","6212","Percentage of women consuming each food group","10000","National","6121","Value","%","1.700000","E"
"288_2022","Ghana - 2022","FGW18","Other beverages and foods","6212","Percentage of women consuming each food group","10002","Rural","6121","Value","%","1.600000","E"
"288_2022","Ghana - 2022","FGW18","Other beverages and foods","6212","Percentage of women consuming each food group","10001","Urban","6121","Value","%","1.700000","E"
"400_2023","Jordan - 2023","FGW0","MDD-W Food groups","6211","Percentage of women achieving MDD-W","10000","National","6121","Value","%","76.400000","E"
"400_2023","Jordan - 2023","FGW0","MDD-W Food groups","6211","Percentage of women achieving MDD-W","10002","Rural","6121","Value","%","77.100000","E"
"400_2023","Jordan - 2023","FGW0","MDD-W Food groups","6211","Percentage of women achieving MDD-W","10001","Urban","6121","Value","%","76.300000","E"
"400_2023","Jordan - 2023","FGW1","Grains, white roots and tubers, and plantains","6212","Percentage of women consuming each food group","10000","National","6121","Value","%","96.300000","E"
"400_2023","Jordan - 2023","FGW1","Grains, white roots and tubers, and plantains","6212","Percentage of women consuming each food group","10002","Rural","6121","Value","%","96.400000","E"
"400_2023","Jordan - 2023","FGW1","Grains, white roots and tubers, and plantains","6212","Percentage of women consuming each food group","10001","Urban","6121","Value","%","96.300000","E"
"400_2023","Jordan - 2023","FGW1A","Foods made from grains","6212","Percentage of women consuming each food group","10000","National","6121","Value","%","93.500000","E"
"400_2023","Jordan - 2023","FGW1A","Foods made from grains","6212","Percentage of women consuming each food group","10002","Rural","6121","Value","%","92.300000","E"
"400_2023","Jordan - 2023","FGW1A","Foods made from grains","6212","Percentage of women consuming each food group","10001","Urban","6121","Value","%","93.600000","E"
"400_2023","Jordan - 2023","FGW1B","White roots and tubers or plantains","6212","Percentage of women consuming each food group","10000","National","6121","Value","%","46.200000","E"
"400_2023","Jordan - 2023","FGW1B","White roots and tubers or plantains","6212","Percentage of women consuming each food group","10002","Rural","6121","Value","%","50.400000","E"
"400_2023","Jordan - 2023","FGW1B","White roots and tubers or plantains","6212","Percentage of women consuming each food group","10001","Urban","6121","Value","%","45.800000","E"
"400_2023","Jordan - 2023","FGW2","Pulses (beans, peas and lentils)","6212","Percentage of women consuming each food group","10000","National","6121","Value","%","34.700000","E"
"400_2023","Jordan - 2023","FGW2","Pulses (beans, peas and lentils)","6212","Percentage of women consuming each food group","10002","Rural","6121","Value","%","36.300000","E"
"400_2023","Jordan - 2023","FGW2","Pulses (beans, peas and lentils)","6212","Percentage of women consuming each food group","10001","Urban","6121","Value","%","34.600000","E"
"400_2023","Jordan - 2023","FGW3","Nuts and seeds","6212","Percentage of women consuming each food group","10000","National","6121","Value","%","34.300000","E"
"400_2023","Jordan - 2023","FGW3","Nuts and seeds","6212","Percentage of women consuming each food group","10002","Rural","6121","Value","%","34.600000","E"
"400_2023","Jordan - 2023","FGW3","Nuts and seeds","6212","Percentage of women consuming each food group","10001","Urban","6121","Value","%","34.200000","E"
"400_2023","Jordan - 2023","FGW4","Dairy","6212","Percentage of women consuming each food group","10000","National","6121","Value","%","67.400000","E"
"400_2023","Jordan - 2023","FGW4","Dairy","6212","Percentage of women consuming each food group","10002","Rural","6121","Value","%","68.400000","E"
"400_2023","Jordan - 2023","FGW4","Dairy","6212","Percentage of women consuming each food group","10001","Urban","6121","Value","%","67.300000","E"
"400_2023","Jordan - 2023","FGW5","Meat, poultry and fish","6212","Percentage of women consuming each food group","10000","National","6121","Value","%","80.800000","E"
"400_2023","Jordan - 2023","FGW5","Meat, poultry and fish","6212","Percentage of women consuming each food group","10002","Rural","6121","Value","%","79.400000","E"
"400_2023","Jordan - 2023","FGW5","Meat, poultry and fish","6212","Percentage of women consuming each food group","10001","Urban","6121","Value","%","80.900000","E"
"400_2023","Jordan - 2023","FGW6","Eggs","6212","Percentage of women consuming each food group","10000","National","6121","Value","%","47.600000","E"
"400_2023","Jordan - 2023","FGW6","Eggs","6212","Percentage of women consuming each food group","10002","Rural","6121","Value","%","53.400000","E"
"400_2023","Jordan - 2023","FGW6","Eggs","6212","Percentage of women consuming each food group","10001","Urban","6121","Value","%","47.000000","E"
"400_2023","Jordan - 2023","FGW7","Dark green leafy vegetables","6212","Percentage of women consuming each food group","10000","National","6121","Value","%","57.900000","E"
"400_2023","Jordan - 2023","FGW7","Dark green leafy vegetables","6212","Percentage of women consuming each food group","10002","Rural","6121","Value","%","61.700000","E"
"400_2023","Jordan - 2023","FGW7","Dark green leafy vegetables","6212","Percentage of women consuming each food group","10001","Urban","6121","Value","%","57.500000","E"
"400_2023","Jordan - 2023","FGW8","Other vitamin A-rich fruits and vegetables","6212","Percentage of women consuming each food group","10000","National","6121","Value","%","38.400000","E"
"400_2023","Jordan - 2023","FGW8","Other vitamin A-rich fruits and vegetables","6212","Percentage of women consuming each food group","10002","Rural","6121","Value","%","41.600000","E"
"400_2023","Jordan - 2023","FGW8","Other vitamin A-rich fruits and vegetables","6212","Percentage of women consuming each food group","10001","Urban","6121","Value","%","38.100000","E"
"400_2023","Jordan - 2023","FGW9","Vegetables, other","6212","Percentage of women consuming each food group","10000","National","6121","Value","%","75.300000","E"
"400_2023","Jordan - 2023","FGW9","Vegetables, other","6212","Percentage of women consuming each food group","10002","Rural","6121","Value","%","74.100000","E"
"400_2023","Jordan - 2023","FGW9","Vegetables, other","6212","Percentage of women consuming each food group","10001","Urban","6121","Value","%","75.400000","E"
"400_2023","Jordan - 2023","FGW10","Fruits, other","6212","Percentage of women consuming each food group","10000","National","6121","Value","%","65.800000","E"
"400_2023","Jordan - 2023","FGW10","Fruits, other","6212","Percentage of women consuming each food group","10002","Rural","6121","Value","%","62.300000","E"
"400_2023","Jordan - 2023","FGW10","Fruits, other","6212","Percentage of women consuming each food group","10001","Urban","6121","Value","%","66.100000","E"
"400_2023","Jordan - 2023","FGW11","Fried and salty snacks","6212","Percentage of women consuming each food group","10000","National","6121","Value","%","44.700000","E"
"400_2023","Jordan - 2023","FGW11","Fried and salty snacks","6212","Percentage of women consuming each food group","10002","Rural","6121","Value","%","49.600000","E"
"400_2023","Jordan - 2023","FGW11","Fried and salty snacks","6212","Percentage of women consuming each food group","10001","Urban","6121","Value","%","44.200000","E"
"400_2023","Jordan - 2023","FGW12","Sweet foods","6212","Percentage of women consuming each food group","10000","National","6121","Value","%","71.600000","E"
"400_2023","Jordan - 2023","FGW12","Sweet foods","6212","Percentage of women consuming each food group","10002","Rural","6121","Value","%","70.100000","E"
"400_2023","Jordan - 2023","FGW12","Sweet foods","6212","Percentage of women consuming each food group","10001","Urban","6121","Value","%","71.800000","E"
"400_2023","Jordan - 2023","FGW13","Sweet beverages","6212","Percentage of women consuming each food group","10000","National","6121","Value","%","93.300000","E"
"400_2023","Jordan - 2023","FGW13","Sweet beverages","6212","Percentage of women consuming each food group","10002","Rural","6121","Value","%","95.400000","E"
"400_2023","Jordan - 2023","FGW13","Sweet beverages","6212","Percentage of women consuming each food group","10001","Urban","6121","Value","%","93.100000","E"
"400_2023","Jordan - 2023","FGW18","Other beverages and foods","6212","Percentage of women consuming each food group","10000","National","6121","Value","%","8.100000","E"
"400_2023","Jordan - 2023","FGW18","Other beverages and foods","6212","Percentage of women consuming each food group","10002","Rural","6121","Value","%","10.200000","E"
"400_2023","Jordan - 2023","FGW18","Other beverages and foods","6212","Percentage of women consuming each food group","10001","Urban","6121","Value","%","7.800000","E"
"404_2022","Kenya - 2022","FGW0","MDD-W Food groups","6211","Percentage of women achieving MDD-W","10000","National","6121","Value","%","48.500000","E"
"404_2022","Kenya - 2022","FGW0","MDD-W Food groups","6211","Percentage of women achieving MDD-W","10002","Rural","6121","Value","%","43.000000","E"
"404_2022","Kenya - 2022","FGW0","MDD-W Food groups","6211","Percentage of women achieving MDD-W","10001","Urban","6121","Value","%","54.600000","E"
"404_2022","Kenya - 2022","FGW1","Grains, white roots and tubers, and plantains","6212","Percentage of women consuming each food group","10000","National","6121","Value","%","97.800000","E"
"404_2022","Kenya - 2022","FGW1","Grains, white roots and tubers, and plantains","6212","Percentage of women consuming each food group","10002","Rural","6121","Value","%","97.800000","E"
"404_2022","Kenya - 2022","FGW1","Grains, white roots and tubers, and plantains","6212","Percentage of women consuming each food group","10001","Urban","6121","Value","%","97.800000","E"
"404_2022","Kenya - 2022","FGW1A","Foods made from grains","6212","Percentage of women consuming each food group","10000","National","6121","Value","%","96.600000","E"
"404_2022","Kenya - 2022","FGW1A","Foods made from grains","6212","Percentage of women consuming each food group","10002","Rural","6121","Value","%","96.700000","E"
"404_2022","Kenya - 2022","FGW1A","Foods made from grains","6212","Percentage of women consuming each food group","10001","Urban","6121","Value","%","96.600000","E"
"404_2022","Kenya - 2022","FGW1B","White roots and tubers or plantains","6212","Percentage of women consuming each food group","10000","National","6121","Value","%","29.600000","E"
"404_2022","Kenya - 2022","FGW1B","White roots and tubers or plantains","6212","Percentage of women consuming each food group","10002","Rural","6121","Value","%","28.700000","E"
"404_2022","Kenya - 2022","FGW1B","White roots and tubers or plantains","6212","Percentage of women consuming each food group","10001","Urban","6121","Value","%","30.800000","E"
"404_2022","Kenya - 2022","FGW2","Pulses (beans, peas and lentils)","6212","Percentage of women consuming each food group","10000","National","6121","Value","%","44.800000","E"
"404_2022","Kenya - 2022","FGW2","Pulses (beans, peas and lentils)","6212","Percentage of women consuming each food group","10002","Rural","6121","Value","%","46.900000","E"
"404_2022","Kenya - 2022","FGW2","Pulses (beans, peas and lentils)","6212","Percentage of women consuming each food group","10001","Urban","6121","Value","%","41.800000","E"
"404_2022","Kenya - 2022","FGW3","Nuts and seeds","6212","Percentage of women consuming each food group","10000","National","6121","Value","%","4.200000","E"
"404_2022","Kenya - 2022","FGW3","Nuts and seeds","6212","Percentage of women consuming each food group","10002","Rural","6121","Value","%","3.300000","E"
"404_2022","Kenya - 2022","FGW3","Nuts and seeds","6212","Percentage of women consuming each food group","10001","Urban","6121","Value","%","5.400000","E"
"404_2022","Kenya - 2022","FGW4","Dairy","6212","Percentage of women consuming each food group","10000","National","6121","Value","%","74.400000","E"
"404_2022","Kenya - 2022","FGW4","Dairy","6212","Percentage of women consuming each food group","10002","Rural","6121","Value","%","73.500000","E"
"404_2022","Kenya - 2022","FGW4","Dairy","6212","Percentage of women consuming each food group","10001","Urban","6121","Value","%","75.800000","E"
"404_2022","Kenya - 2022","FGW5","Meat, poultry and fish","6212","Percentage of women consuming each food group","10000","National","6121","Value","%","36.500000","E"
"404_2022","Kenya - 2022","FGW5","Meat, poultry and fish","6212","Percentage of women consuming each food group","10002","Rural","6121","Value","%","30.500000","E"
"404_2022","Kenya - 2022","FGW5","Meat, poultry and fish","6212","Percentage of women consuming each food group","10001","Urban","6121","Value","%","45.100000","E"
"404_2022","Kenya - 2022","FGW6","Eggs","6212","Percentage of women consuming each food group","10000","National","6121","Value","%","12.800000","E"
"404_2022","Kenya - 2022","FGW6","Eggs","6212","Percentage of women consuming each food group","10002","Rural","6121","Value","%","9.400000","E"
"404_2022","Kenya - 2022","FGW6","Eggs","6212","Percentage of women consuming each food group","10001","Urban","6121","Value","%","17.800000","E"
"404_2022","Kenya - 2022","FGW7","Dark green leafy vegetables","6212","Percentage of women consuming each food group","10000","National","6121","Value","%","60.100000","E"
"404_2022","Kenya - 2022","FGW7","Dark green leafy vegetables","6212","Percentage of women consuming each food group","10002","Rural","6121","Value","%","61.700000","E"
"404_2022","Kenya - 2022","FGW7","Dark green leafy vegetables","6212","Percentage of women consuming each food group","10001","Urban","6121","Value","%","57.900000","E"
"404_2022","Kenya - 2022","FGW8","Other vitamin A-rich fruits and vegetables","6212","Percentage of women consuming each food group","10000","National","6121","Value","%","28.300000","E"
"404_2022","Kenya - 2022","FGW8","Other vitamin A-rich fruits and vegetables","6212","Percentage of women consuming each food group","10002","Rural","6121","Value","%","24.900000","E"
"404_2022","Kenya - 2022","FGW8","Other vitamin A-rich fruits and vegetables","6212","Percentage of women consuming each food group","10001","Urban","6121","Value","%","33.200000","E"
"404_2022","Kenya - 2022","FGW9","Vegetables, other","6212","Percentage of women consuming each food group","10000","National","6121","Value","%","55.000000","E"
"404_2022","Kenya - 2022","FGW9","Vegetables, other","6212","Percentage of women consuming each food group","10002","Rural","6121","Value","%","51.100000","E"
"404_2022","Kenya - 2022","FGW9","Vegetables, other","6212","Percentage of women consuming each food group","10001","Urban","6121","Value","%","60.700000","E"
"404_2022","Kenya - 2022","FGW10","Fruits, other","6212","Percentage of women consuming each food group","10000","National","6121","Value","%","41.800000","E"
"404_2022","Kenya - 2022","FGW10","Fruits, other","6212","Percentage of women consuming each food group","10002","Rural","6121","Value","%","35.900000","E"
"404_2022","Kenya - 2022","FGW10","Fruits, other","6212","Percentage of women consuming each food group","10001","Urban","6121","Value","%","50.400000","E"
"404_2022","Kenya - 2022","FGW11","Fried and salty snacks","6212","Percentage of women consuming each food group","10000","National","6121","Value","%","24.700000","E"
"404_2022","Kenya - 2022","FGW11","Fried and salty snacks","6212","Percentage of women consuming each food group","10002","Rural","6121","Value","%","20.500000","E"
"404_2022","Kenya - 2022","FGW11","Fried and salty snacks","6212","Percentage of women consuming each food group","10001","Urban","6121","Value","%","30.800000","E"
"404_2022","Kenya - 2022","FGW12","Sweet foods","6212","Percentage of women consuming each food group","10000","National","6121","Value","%","16.800000","E"
"404_2022","Kenya - 2022","FGW12","Sweet foods","6212","Percentage of women consuming each food group","10002","Rural","6121","Value","%","13.800000","E"
"404_2022","Kenya - 2022","FGW12","Sweet foods","6212","Percentage of women consuming each food group","10001","Urban","6121","Value","%","21.200000","E"
"404_2022","Kenya - 2022","FGW13","Sweet beverages","6212","Percentage of women consuming each food group","10000","National","6121","Value","%","70.400000","E"
"404_2022","Kenya - 2022","FGW13","Sweet beverages","6212","Percentage of women consuming each food group","10002","Rural","6121","Value","%","65.100000","E"
"404_2022","Kenya - 2022","FGW13","Sweet beverages","6212","Percentage of women consuming each food group","10001","Urban","6121","Value","%","68.400000","E"
"404_2022","Kenya - 2022","FGW18","Other beverages and foods","6212","Percentage of women consuming each food group","10000","National","6121","Value","%","46.800000","E"
"404_2022","Kenya - 2022","FGW18","Other beverages and foods","6212","Percentage of women consuming each food group","10002","Rural","6121","Value","%","46.500000","E"
"404_2022","Kenya - 2022","FGW18","Other beverages and foods","6212","Percentage of women consuming each food group","10001","Urban","6121","Value","%","47.200000","E"
"426_2024","Lesotho - 2024","FGW0","MDD-W Food groups","6211","Percentage of women achieving MDD-W","10000","National","6121","Value","%","18.200000","E"
"426_2024","Lesotho - 2024","FGW0","MDD-W Food groups","6211","Percentage of women achieving MDD-W","10002","Rural","6121","Value","%","15.100000","E"
"426_2024","Lesotho - 2024","FGW0","MDD-W Food groups","6211","Percentage of women achieving MDD-W","10001","Urban","6121","Value","%","22.100000","E"
"426_2024","Lesotho - 2024","FGW1","Grains, white roots and tubers, and plantains","6212","Percentage of women consuming each food group","10000","National","6121","Value","%","97.500000","E"
"426_2024","Lesotho - 2024","FGW1","Grains, white roots and tubers, and plantains","6212","Percentage of women consuming each food group","10002","Rural","6121","Value","%","97.900000","E"
"426_2024","Lesotho - 2024","FGW1","Grains, white roots and tubers, and plantains","6212","Percentage of women consuming each food group","10001","Urban","6121","Value","%","97.100000","E"
"426_2024","Lesotho - 2024","FGW1A","Foods made from grains","6212","Percentage of women consuming each food group","10000","National","6121","Value","%","97.200000","E"
"426_2024","Lesotho - 2024","FGW1A","Foods made from grains","6212","Percentage of women consuming each food group","10002","Rural","6121","Value","%","97.700000","E"
"426_2024","Lesotho - 2024","FGW1A","Foods made from grains","6212","Percentage of women consuming each food group","10001","Urban","6121","Value","%","96.600000","E"
"426_2024","Lesotho - 2024","FGW1B","White roots and tubers or plantains","6212","Percentage of women consuming each food group","10000","National","6121","Value","%","10.500000","E"
"426_2024","Lesotho - 2024","FGW1B","White roots and tubers or plantains","6212","Percentage of women consuming each food group","10002","Rural","6121","Value","%","8.400000","E"
"426_2024","Lesotho - 2024","FGW1B","White roots and tubers or plantains","6212","Percentage of women consuming each food group","10001","Urban","6121","Value","%","13.000000","E"
"426_2024","Lesotho - 2024","FGW2","Pulses (beans, peas and lentils)","6212","Percentage of women consuming each food group","10000","National","6121","Value","%","13.800000","E"
"426_2024","Lesotho - 2024","FGW2","Pulses (beans, peas and lentils)","6212","Percentage of women consuming each food group","10002","Rural","6121","Value","%","15.200000","E"
"426_2024","Lesotho - 2024","FGW2","Pulses (beans, peas and lentils)","6212","Percentage of women consuming each food group","10001","Urban","6121","Value","%","12.000000","E"
"426_2024","Lesotho - 2024","FGW3","Nuts and seeds","6212","Percentage of women consuming each food group","10000","National","6121","Value","%","3.500000","E"
"426_2024","Lesotho - 2024","FGW3","Nuts and seeds","6212","Percentage of women consuming each food group","10002","Rural","6121","Value","%","2.800000","E"
"426_2024","Lesotho - 2024","FGW3","Nuts and seeds","6212","Percentage of women consuming each food group","10001","Urban","6121","Value","%","4.400000","E"
"426_2024","Lesotho - 2024","FGW4","Dairy","6212","Percentage of women consuming each food group","10000","National","6121","Value","%","20.900000","E"
"426_2024","Lesotho - 2024","FGW4","Dairy","6212","Percentage of women consuming each food group","10002","Rural","6121","Value","%","19.100000","E"
"426_2024","Lesotho - 2024","FGW4","Dairy","6212","Percentage of women consuming each food group","10001","Urban","6121","Value","%","23.200000","E"
"426_2024","Lesotho - 2024","FGW5","Meat, poultry and fish","6212","Percentage of women consuming each food group","10000","National","6121","Value","%","45.200000","E"
"426_2024","Lesotho - 2024","FGW5","Meat, poultry and fish","6212","Percentage of women consuming each food group","10002","Rural","6121","Value","%","35.900000","E"
"426_2024","Lesotho - 2024","FGW5","Meat, poultry and fish","6212","Percentage of women consuming each food group","10001","Urban","6121","Value","%","56.300000","E"
"426_2024","Lesotho - 2024","FGW6","Eggs","6212","Percentage of women consuming each food group","10000","National","6121","Value","%","16.400000","E"
"426_2024","Lesotho - 2024","FGW6","Eggs","6212","Percentage of women consuming each food group","10002","Rural","6121","Value","%","11.700000","E"
"426_2024","Lesotho - 2024","FGW6","Eggs","6212","Percentage of women consuming each food group","10001","Urban","6121","Value","%","22.000000","E"
"426_2024","Lesotho - 2024","FGW7","Dark green leafy vegetables","6212","Percentage of women consuming each food group","10000","National","6121","Value","%","53.800000","E"
"426_2024","Lesotho - 2024","FGW7","Dark green leafy vegetables","6212","Percentage of women consuming each food group","10002","Rural","6121","Value","%","62.800000","E"
"426_2024","Lesotho - 2024","FGW7","Dark green leafy vegetables","6212","Percentage of women consuming each food group","10001","Urban","6121","Value","%","43.100000","E"
"426_2024","Lesotho - 2024","FGW8","Other vitamin A-rich fruits and vegetables","6212","Percentage of women consuming each food group","10000","National","6121","Value","%","14.500000","E"
"426_2024","Lesotho - 2024","FGW8","Other vitamin A-rich fruits and vegetables","6212","Percentage of women consuming each food group","10002","Rural","6121","Value","%","12.300000","E"
"426_2024","Lesotho - 2024","FGW8","Other vitamin A-rich fruits and vegetables","6212","Percentage of women consuming each food group","10001","Urban","6121","Value","%","17.200000","E"
"426_2024","Lesotho - 2024","FGW9","Vegetables, other","6212","Percentage of women consuming each food group","10000","National","6121","Value","%","29.100000","E"
"426_2024","Lesotho - 2024","FGW9","Vegetables, other","6212","Percentage of women consuming each food group","10002","Rural","6121","Value","%","23.400000","E"
"426_2024","Lesotho - 2024","FGW9","Vegetables, other","6212","Percentage of women consuming each food group","10001","Urban","6121","Value","%","35.800000","E"
"426_2024","Lesotho - 2024","FGW10","Fruits, other","6212","Percentage of women consuming each food group","10000","National","6121","Value","%","34.900000","E"
"426_2024","Lesotho - 2024","FGW10","Fruits, other","6212","Percentage of women consuming each food group","10002","Rural","6121","Value","%","34.700000","E"
"426_2024","Lesotho - 2024","FGW10","Fruits, other","6212","Percentage of women consuming each food group","10001","Urban","6121","Value","%","35.100000","E"
"426_2024","Lesotho - 2024","FGW11","Fried and salty snacks","6212","Percentage of women consuming each food group","10000","National","6121","Value","%","28.100000","E"
"426_2024","Lesotho - 2024","FGW11","Fried and salty snacks","6212","Percentage of women consuming each food group","10002","Rural","6121","Value","%","25.800000","E"
"426_2024","Lesotho - 2024","FGW11","Fried and salty snacks","6212","Percentage of women consuming each food group","10001","Urban","6121","Value","%","30.900000","E"
"426_2024","Lesotho - 2024","FGW12","Sweet foods","6212","Percentage of women consuming each food group","10000","National","6121","Value","%","17.200000","E"
"426_2024","Lesotho - 2024","FGW12","Sweet foods","6212","Percentage of women consuming each food group","10002","Rural","6121","Value","%","13.200000","E"
"426_2024","Lesotho - 2024","FGW12","Sweet foods","6212","Percentage of women consuming each food group","10001","Urban","6121","Value","%","21.900000","E"
"426_2024","Lesotho - 2024","FGW13","Sweet beverages","6212","Percentage of women consuming each food group","10000","National","6121","Value","%","46.300000","E"
"426_2024","Lesotho - 2024","FGW13","Sweet beverages","6212","Percentage of women consuming each food group","10002","Rural","6121","Value","%","38.600000","E"
"426_2024","Lesotho - 2024","FGW13","Sweet beverages","6212","Percentage of women consuming each food group","10001","Urban","6121","Value","%","55.500000","E"
"426_2024","Lesotho - 2024","FGW18","Other beverages and foods","6212","Percentage of women consuming each food group","10000","National","6121","Value","%","10.000000","E"
"426_2024","Lesotho - 2024","FGW18","Other beverages and foods","6212","Percentage of women consuming each food group","10002","Rural","6121","Value","%","9.100000","E"
"426_2024","Lesotho - 2024","FGW18","Other beverages and foods","6212","Percentage of women consuming each food group","10001","Urban","6121","Value","%","11.100000","E"
"484_2012","Mexico - 2012","FGW0","MDD-W Food groups","6211","Percentage of women achieving MDD-W","10000","National","6121","Value","%","53.500000","E"
"484_2012","Mexico - 2012","FGW0","MDD-W Food groups","6211","Percentage of women achieving MDD-W","10002","Rural","6121","Value","%","49.400000","E"
"484_2012","Mexico - 2012","FGW0","MDD-W Food groups","6211","Percentage of women achieving MDD-W","10001","Urban","6121","Value","%","54.900000","E"
"484_2012","Mexico - 2012","FGW1","Grains, white roots and tubers, and plantains","6212","Percentage of women consuming each food group","10000","National","6121","Value","%","97.400000","E"
"484_2012","Mexico - 2012","FGW1","Grains, white roots and tubers, and plantains","6212","Percentage of women consuming each food group","10002","Rural","6121","Value","%","97.500000","E"
"484_2012","Mexico - 2012","FGW1","Grains, white roots and tubers, and plantains","6212","Percentage of women consuming each food group","10001","Urban","6121","Value","%","97.400000","E"
"484_2012","Mexico - 2012","FGW2","Pulses (beans, peas and lentils)","6212","Percentage of women consuming each food group","10000","National","6121","Value","%","29.400000","E"
"484_2012","Mexico - 2012","FGW2","Pulses (beans, peas and lentils)","6212","Percentage of women consuming each food group","10002","Rural","6121","Value","%","40.500000","E"
"484_2012","Mexico - 2012","FGW2","Pulses (beans, peas and lentils)","6212","Percentage of women consuming each food group","10001","Urban","6121","Value","%","25.400000","E"
"484_2012","Mexico - 2012","FGW3","Nuts and seeds","6212","Percentage of women consuming each food group","10000","National","6121","Value","%","3.200000","E"
"484_2012","Mexico - 2012","FGW3","Nuts and seeds","6212","Percentage of women consuming each food group","10002","Rural","6121","Value","%","3.400000","E"
"484_2012","Mexico - 2012","FGW3","Nuts and seeds","6212","Percentage of women consuming each food group","10001","Urban","6121","Value","%","3.100000","E"
"484_2012","Mexico - 2012","FGW4","Dairy","6212","Percentage of women consuming each food group","10000","National","6121","Value","%","60.100000","E"
"484_2012","Mexico - 2012","FGW4","Dairy","6212","Percentage of women consuming each food group","10002","Rural","6121","Value","%","50.100000","E"
"484_2012","Mexico - 2012","FGW4","Dairy","6212","Percentage of women consuming each food group","10001","Urban","6121","Value","%","63.600000","E"
"484_2012","Mexico - 2012","FGW5","Meat, poultry and fish","6212","Percentage of women consuming each food group","10000","National","6121","Value","%","78.200000","E"
"484_2012","Mexico - 2012","FGW5","Meat, poultry and fish","6212","Percentage of women consuming each food group","10002","Rural","6121","Value","%","62.300000","E"
"484_2012","Mexico - 2012","FGW5","Meat, poultry and fish","6212","Percentage of women consuming each food group","10001","Urban","6121","Value","%","83.900000","E"
"484_2012","Mexico - 2012","FGW6","Eggs","6212","Percentage of women consuming each food group","10000","National","6121","Value","%","35.600000","E"
"484_2012","Mexico - 2012","FGW6","Eggs","6212","Percentage of women consuming each food group","10002","Rural","6121","Value","%","39.500000","E"
"484_2012","Mexico - 2012","FGW6","Eggs","6212","Percentage of women consuming each food group","10001","Urban","6121","Value","%","34.200000","E"
"484_2012","Mexico - 2012","FGW7","Dark green leafy vegetables","6212","Percentage of women consuming each food group","10000","National","6121","Value","%","2.200000","E"
"484_2012","Mexico - 2012","FGW7","Dark green leafy vegetables","6212","Percentage of women consuming each food group","10002","Rural","6121","Value","%","1.800000","E"
"484_2012","Mexico - 2012","FGW7","Dark green leafy vegetables","6212","Percentage of women consuming each food group","10001","Urban","6121","Value","%","2.300000","E"
"484_2012","Mexico - 2012","FGW8","Other vitamin A-rich fruits and vegetables","6212","Percentage of women consuming each food group","10000","National","6121","Value","%","18.800000","E"
"484_2012","Mexico - 2012","FGW8","Other vitamin A-rich fruits and vegetables","6212","Percentage of women consuming each food group","10002","Rural","6121","Value","%","17.900000","E"
"484_2012","Mexico - 2012","FGW8","Other vitamin A-rich fruits and vegetables","6212","Percentage of women consuming each food group","10001","Urban","6121","Value","%","19.200000","E"
"484_2012","Mexico - 2012","FGW9","Vegetables, other","6212","Percentage of women consuming each food group","10000","National","6121","Value","%","85.000000","E"
"484_2012","Mexico - 2012","FGW9","Vegetables, other","6212","Percentage of women consuming each food group","10002","Rural","6121","Value","%","82.000000","E"
"484_2012","Mexico - 2012","FGW9","Vegetables, other","6212","Percentage of women consuming each food group","10001","Urban","6121","Value","%","86.100000","E"
"484_2012","Mexico - 2012","FGW10","Fruits, other","6212","Percentage of women consuming each food group","10000","National","6121","Value","%","50.600000","E"
"484_2012","Mexico - 2012","FGW10","Fruits, other","6212","Percentage of women consuming each food group","10002","Rural","6121","Value","%","47.600000","E"
"484_2012","Mexico - 2012","FGW10","Fruits, other","6212","Percentage of women consuming each food group","10001","Urban","6121","Value","%","51.600000","E"
"484_2012","Mexico - 2012","FGW11","Fried and salty snacks","6212","Percentage of women consuming each food group","10000","National","6121","Value","%","15.200000","E"
"484_2012","Mexico - 2012","FGW11","Fried and salty snacks","6212","Percentage of women consuming each food group","10002","Rural","6121","Value","%","11.000000","E"
"484_2012","Mexico - 2012","FGW11","Fried and salty snacks","6212","Percentage of women consuming each food group","10001","Urban","6121","Value","%","16.700000","E"
"484_2012","Mexico - 2012","FGW12","Sweet foods","6212","Percentage of women consuming each food group","10000","National","6121","Value","%","89.000000","E"
"484_2012","Mexico - 2012","FGW12","Sweet foods","6212","Percentage of women consuming each food group","10002","Rural","6121","Value","%","86.200000","E"
"484_2012","Mexico - 2012","FGW12","Sweet foods","6212","Percentage of women consuming each food group","10001","Urban","6121","Value","%","90.000000","E"
"484_2012","Mexico - 2012","FGW13","Sweet beverages","6212","Percentage of women consuming each food group","10000","National","6121","Value","%","62.900000","E"
"484_2012","Mexico - 2012","FGW13","Sweet beverages","6212","Percentage of women consuming each food group","10002","Rural","6121","Value","%","57.300000","E"
"484_2012","Mexico - 2012","FGW13","Sweet beverages","6212","Percentage of women consuming each food group","10001","Urban","6121","Value","%","64.800000","E"
"484_2012","Mexico - 2012","FGW16","Other oils and fats","6212","Percentage of women consuming each food group","10000","National","6121","Value","%","88.300000","E"
"484_2012","Mexico - 2012","FGW16","Other oils and fats","6212","Percentage of women consuming each food group","10002","Rural","6121","Value","%","82.200000","E"
"484_2012","Mexico - 2012","FGW16","Other oils and fats","6212","Percentage of women consuming each food group","10001","Urban","6121","Value","%","90.500000","E"
"484_2012","Mexico - 2012","FGW17","Condiments and seasonings","6212","Percentage of women consuming each food group","10000","National","6121","Value","%","96.700000","E"
"484_2012","Mexico - 2012","FGW17","Condiments and seasonings","6212","Percentage of women consuming each food group","10002","Rural","6121","Value","%","97.100000","E"
"484_2012","Mexico - 2012","FGW17","Condiments and seasonings","6212","Percentage of women consuming each food group","10001","Urban","6121","Value","%","96.600000","E"
"484_2012","Mexico - 2012","FGW18","Other beverages and foods","6212","Percentage of women consuming each food group","10000","National","6121","Value","%","98.100000","E"
"484_2012","Mexico - 2012","FGW18","Other beverages and foods","6212","Percentage of women consuming each food group","10002","Rural","6121","Value","%","97.600000","E"
"484_2012","Mexico - 2012","FGW18","Other beverages and foods","6212","Percentage of women consuming each food group","10001","Urban","6121","Value","%","98.200000","E"
"508_2023","Mozambique - 2023","FGW0","MDD-W Food groups","6211","Percentage of women achieving MDD-W","10000","National","6121","Value","%","20.800000","E"
"508_2023","Mozambique - 2023","FGW0","MDD-W Food groups","6211","Percentage of women achieving MDD-W","10002","Rural","6121","Value","%","14.900000","E"
"508_2023","Mozambique - 2023","FGW0","MDD-W Food groups","6211","Percentage of women achieving MDD-W","10001","Urban","6121","Value","%","30.200000","E"
"508_2023","Mozambique - 2023","FGW1","Grains, white roots and tubers, and plantains","6212","Percentage of women consuming each food group","10000","National","6121","Value","%","97.900000","E"
"508_2023","Mozambique - 2023","FGW1","Grains, white roots and tubers, and plantains","6212","Percentage of women consuming each food group","10002","Rural","6121","Value","%","97.400000","E"
"508_2023","Mozambique - 2023","FGW1","Grains, white roots and tubers, and plantains","6212","Percentage of women consuming each food group","10001","Urban","6121","Value","%","98.700000","E"
"508_2023","Mozambique - 2023","FGW1A","Foods made from grains","6212","Percentage of women consuming each food group","10000","National","6121","Value","%","88.000000","E"
"508_2023","Mozambique - 2023","FGW1A","Foods made from grains","6212","Percentage of women consuming each food group","10002","Rural","6121","Value","%","82.600000","E"
"508_2023","Mozambique - 2023","FGW1A","Foods made from grains","6212","Percentage of women consuming each food group","10001","Urban","6121","Value","%","96.400000","E"
"508_2023","Mozambique - 2023","FGW1B","White roots and tubers or plantains","6212","Percentage of women consuming each food group","10000","National","6121","Value","%","35.400000","E"
"508_2023","Mozambique - 2023","FGW1B","White roots and tubers or plantains","6212","Percentage of women consuming each food group","10002","Rural","6121","Value","%","39.100000","E"
"508_2023","Mozambique - 2023","FGW1B","White roots and tubers or plantains","6212","Percentage of women consuming each food group","10001","Urban","6121","Value","%","29.700000","E"
"508_2023","Mozambique - 2023","FGW2","Pulses (beans, peas and lentils)","6212","Percentage of women consuming each food group","10000","National","6121","Value","%","29.000000","E"
"508_2023","Mozambique - 2023","FGW2","Pulses (beans, peas and lentils)","6212","Percentage of women consuming each food group","10002","Rural","6121","Value","%","30.400000","E"
"508_2023","Mozambique - 2023","FGW2","Pulses (beans, peas and lentils)","6212","Percentage of women consuming each food group","10001","Urban","6121","Value","%","26.900000","E"
"508_2023","Mozambique - 2023","FGW3","Nuts and seeds","6212","Percentage of women consuming each food group","10000","National","6121","Value","%","12.200000","E"
"508_2023","Mozambique - 2023","FGW3","Nuts and seeds","6212","Percentage of women consuming each food group","10002","Rural","6121","Value","%","10.900000","E"
"508_2023","Mozambique - 2023","FGW3","Nuts and seeds","6212","Percentage of women consuming each food group","10001","Urban","6121","Value","%","14.300000","E"
"508_2023","Mozambique - 2023","FGW4","Dairy","6212","Percentage of women consuming each food group","10000","National","6121","Value","%","4.200000","E"
"508_2023","Mozambique - 2023","FGW4","Dairy","6212","Percentage of women consuming each food group","10002","Rural","6121","Value","%","2.000000","E"
"508_2023","Mozambique - 2023","FGW4","Dairy","6212","Percentage of women consuming each food group","10001","Urban","6121","Value","%","7.700000","E"
"508_2023","Mozambique - 2023","FGW5","Meat, poultry and fish","6212","Percentage of women consuming each food group","10000","National","6121","Value","%","53.200000","E"
"508_2023","Mozambique - 2023","FGW5","Meat, poultry and fish","6212","Percentage of women consuming each food group","10002","Rural","6121","Value","%","48.000000","E"
"508_2023","Mozambique - 2023","FGW5","Meat, poultry and fish","6212","Percentage of women consuming each food group","10001","Urban","6121","Value","%","61.400000","E"
"508_2023","Mozambique - 2023","FGW6","Eggs","6212","Percentage of women consuming each food group","10000","National","6121","Value","%","11.400000","E"
"508_2023","Mozambique - 2023","FGW6","Eggs","6212","Percentage of women consuming each food group","10002","Rural","6121","Value","%","6.100000","E"
"508_2023","Mozambique - 2023","FGW6","Eggs","6212","Percentage of women consuming each food group","10001","Urban","6121","Value","%","19.700000","E"
"508_2023","Mozambique - 2023","FGW7","Dark green leafy vegetables","6212","Percentage of women consuming each food group","10000","National","6121","Value","%","50.700000","E"
"508_2023","Mozambique - 2023","FGW7","Dark green leafy vegetables","6212","Percentage of women consuming each food group","10002","Rural","6121","Value","%","51.300000","E"
"508_2023","Mozambique - 2023","FGW7","Dark green leafy vegetables","6212","Percentage of women consuming each food group","10001","Urban","6121","Value","%","49.800000","E"
"508_2023","Mozambique - 2023","FGW8","Other vitamin A-rich fruits and vegetables","6212","Percentage of women consuming each food group","10000","National","6121","Value","%","31.400000","E"
"508_2023","Mozambique - 2023","FGW8","Other vitamin A-rich fruits and vegetables","6212","Percentage of women consuming each food group","10002","Rural","6121","Value","%","29.400000","E"
"508_2023","Mozambique - 2023","FGW8","Other vitamin A-rich fruits and vegetables","6212","Percentage of women consuming each food group","10001","Urban","6121","Value","%","34.500000","E"
"508_2023","Mozambique - 2023","FGW9","Vegetables, other","6212","Percentage of women consuming each food group","10000","National","6121","Value","%","39.800000","E"
"508_2023","Mozambique - 2023","FGW9","Vegetables, other","6212","Percentage of women consuming each food group","10002","Rural","6121","Value","%","34.900000","E"
"508_2023","Mozambique - 2023","FGW9","Vegetables, other","6212","Percentage of women consuming each food group","10001","Urban","6121","Value","%","47.600000","E"
"508_2023","Mozambique - 2023","FGW10","Fruits, other","6212","Percentage of women consuming each food group","10000","National","6121","Value","%","16.600000","E"
"508_2023","Mozambique - 2023","FGW10","Fruits, other","6212","Percentage of women consuming each food group","10002","Rural","6121","Value","%","10.000000","E"
"508_2023","Mozambique - 2023","FGW10","Fruits, other","6212","Percentage of women consuming each food group","10001","Urban","6121","Value","%","26.900000","E"
"508_2023","Mozambique - 2023","FGW11","Fried and salty snacks","6212","Percentage of women consuming each food group","10000","National","6121","Value","%","7.900000","E"
"508_2023","Mozambique - 2023","FGW11","Fried and salty snacks","6212","Percentage of women consuming each food group","10002","Rural","6121","Value","%","3.500000","E"
"508_2023","Mozambique - 2023","FGW11","Fried and salty snacks","6212","Percentage of women consuming each food group","10001","Urban","6121","Value","%","14.800000","E"
"508_2023","Mozambique - 2023","FGW12","Sweet foods","6212","Percentage of women consuming each food group","10000","National","6121","Value","%","10.300000","E"
"508_2023","Mozambique - 2023","FGW12","Sweet foods","6212","Percentage of women consuming each food group","10002","Rural","6121","Value","%","5.400000","E"
"508_2023","Mozambique - 2023","FGW12","Sweet foods","6212","Percentage of women consuming each food group","10001","Urban","6121","Value","%","18.000000","E"
"508_2023","Mozambique - 2023","FGW13","Sweet beverages","6212","Percentage of women consuming each food group","10000","National","6121","Value","%","33.200000","E"
"508_2023","Mozambique - 2023","FGW13","Sweet beverages","6212","Percentage of women consuming each food group","10002","Rural","6121","Value","%","20.300000","E"
"508_2023","Mozambique - 2023","FGW13","Sweet beverages","6212","Percentage of women consuming each food group","10001","Urban","6121","Value","%","53.600000","E"
"508_2023","Mozambique - 2023","FGW18","Other beverages and foods","6212","Percentage of women consuming each food group","10000","National","6121","Value","%","2.800000","E"
"508_2023","Mozambique - 2023","FGW18","Other beverages and foods","6212","Percentage of women consuming each food group","10002","Rural","6121","Value","%","2.600000","E"
"508_2023","Mozambique - 2023","FGW18","Other beverages and foods","6212","Percentage of women consuming each food group","10001","Urban","6121","Value","%","3.000000","E"
"520_2023","Nauru - 2023","FGW0","MDD-W Food groups","6211","Percentage of women achieving MDD-W","10000","National","6121","Value","%","71.500000","E"
"520_2023","Nauru - 2023","FGW1","Grains, white roots and tubers, and plantains","6212","Percentage of women consuming each food group","10000","National","6121","Value","%","98.300000","E"
"520_2023","Nauru - 2023","FGW1A","Foods made from grains","6212","Percentage of women consuming each food group","10000","National","6121","Value","%","98.000000","E"
"520_2023","Nauru - 2023","FGW1B","White roots and tubers or plantains","6212","Percentage of women consuming each food group","10000","National","6121","Value","%","46.200000","E"
"520_2023","Nauru - 2023","FGW2","Pulses (beans, peas and lentils)","6212","Percentage of women consuming each food group","10000","National","6121","Value","%","29.800000","E"
"520_2023","Nauru - 2023","FGW3","Nuts and seeds","6212","Percentage of women consuming each food group","10000","National","6121","Value","%","23.700000","E"
"520_2023","Nauru - 2023","FGW4","Dairy","6212","Percentage of women consuming each food group","10000","National","6121","Value","%","56.300000","E"
"520_2023","Nauru - 2023","FGW5","Meat, poultry and fish","6212","Percentage of women consuming each food group","10000","National","6121","Value","%","97.900000","E"
"520_2023","Nauru - 2023","FGW6","Eggs","6212","Percentage of women consuming each food group","10000","National","6121","Value","%","70.100000","E"
"520_2023","Nauru - 2023","FGW7","Dark green leafy vegetables","6212","Percentage of women consuming each food group","10000","National","6121","Value","%","71.400000","E"
"520_2023","Nauru - 2023","FGW8","Other vitamin A-rich fruits and vegetables","6212","Percentage of women consuming each food group","10000","National","6121","Value","%","56.700000","E"
"520_2023","Nauru - 2023","FGW9","Vegetables, other","6212","Percentage of women consuming each food group","10000","National","6121","Value","%","53.500000","E"
"520_2023","Nauru - 2023","FGW10","Fruits, other","6212","Percentage of women consuming each food group","10000","National","6121","Value","%","69.000000","E"
"520_2023","Nauru - 2023","FGW17","Condiments and seasonings","6212","Percentage of women consuming each food group","10000","National","6121","Value","%","80.900000","E"
"524_2016","Nepal - 2016","FGW0","MDD-W Food groups","6211","Percentage of women achieving MDD-W","10000","National","6121","Value","%","50.200000","A"
"524_2016","Nepal - 2016","FGW0","MDD-W Food groups","6211","Percentage of women achieving MDD-W","10002","Rural","6121","Value","%","44.400000","A"
"524_2016","Nepal - 2016","FGW0","MDD-W Food groups","6211","Percentage of women achieving MDD-W","10001","Urban","6121","Value","%","55.100000","A"
"524_2016","Nepal - 2016","FGW1","Grains, white roots and tubers, and plantains","6212","Percentage of women consuming each food group","10000","National","6121","Value","%","99.000000","A"
"524_2016","Nepal - 2016","FGW1","Grains, white roots and tubers, and plantains","6212","Percentage of women consuming each food group","10002","Rural","6121","Value","%","99.300000","A"
"524_2016","Nepal - 2016","FGW1","Grains, white roots and tubers, and plantains","6212","Percentage of women consuming each food group","10001","Urban","6121","Value","%","98.800000","A"
"524_2016","Nepal - 2016","FGW2","Pulses (beans, peas and lentils)","6212","Percentage of women consuming each food group","10000","National","6121","Value","%","74.500000","A"
"524_2016","Nepal - 2016","FGW2","Pulses (beans, peas and lentils)","6212","Percentage of women consuming each food group","10002","Rural","6121","Value","%","71.400000","A"
"524_2016","Nepal - 2016","FGW2","Pulses (beans, peas and lentils)","6212","Percentage of women consuming each food group","10001","Urban","6121","Value","%","77.100000","A"
"524_2016","Nepal - 2016","FGW3","Nuts and seeds","6212","Percentage of women consuming each food group","10000","National","6121","Value","%","9.700000","A"
"524_2016","Nepal - 2016","FGW3","Nuts and seeds","6212","Percentage of women consuming each food group","10002","Rural","6121","Value","%","8.300000","A"
"524_2016","Nepal - 2016","FGW3","Nuts and seeds","6212","Percentage of women consuming each food group","10001","Urban","6121","Value","%","10.800000","A"
"524_2016","Nepal - 2016","FGW4","Dairy","6212","Percentage of women consuming each food group","10000","National","6121","Value","%","29.900000","A"
"524_2016","Nepal - 2016","FGW4","Dairy","6212","Percentage of women consuming each food group","10002","Rural","6121","Value","%","30.500000","A"
"524_2016","Nepal - 2016","FGW4","Dairy","6212","Percentage of women consuming each food group","10001","Urban","6121","Value","%","29.400000","A"
"524_2016","Nepal - 2016","FGW5","Meat, poultry and fish","6212","Percentage of women consuming each food group","10000","National","6121","Value","%","34.200000","A"
"524_2016","Nepal - 2016","FGW5","Meat, poultry and fish","6212","Percentage of women consuming each food group","10002","Rural","6121","Value","%","31.000000","A"
"524_2016","Nepal - 2016","FGW5","Meat, poultry and fish","6212","Percentage of women consuming each food group","10001","Urban","6121","Value","%","36.900000","A"
"524_2016","Nepal - 2016","FGW6","Eggs","6212","Percentage of women consuming each food group","10000","National","6121","Value","%","13.600000","A"
"524_2016","Nepal - 2016","FGW6","Eggs","6212","Percentage of women consuming each food group","10002","Rural","6121","Value","%","11.600000","A"
"524_2016","Nepal - 2016","FGW6","Eggs","6212","Percentage of women consuming each food group","10001","Urban","6121","Value","%","15.300000","A"
"524_2016","Nepal - 2016","FGW7","Dark green leafy vegetables","6212","Percentage of women consuming each food group","10000","National","6121","Value","%","50.800000","A"
"524_2016","Nepal - 2016","FGW7","Dark green leafy vegetables","6212","Percentage of women consuming each food group","10002","Rural","6121","Value","%","48.100000","A"
"524_2016","Nepal - 2016","FGW7","Dark green leafy vegetables","6212","Percentage of women consuming each food group","10001","Urban","6121","Value","%","53.200000","A"
"524_2016","Nepal - 2016","FGW8","Other vitamin A-rich fruits and vegetables","6212","Percentage of women consuming each food group","10000","National","6121","Value","%","36.500000","A"
"524_2016","Nepal - 2016","FGW8","Other vitamin A-rich fruits and vegetables","6212","Percentage of women consuming each food group","10002","Rural","6121","Value","%","32.700000","A"
"524_2016","Nepal - 2016","FGW8","Other vitamin A-rich fruits and vegetables","6212","Percentage of women consuming each food group","10001","Urban","6121","Value","%","39.800000","A"
"524_2016","Nepal - 2016","FGW9","Vegetables, other","6212","Percentage of women consuming each food group","10000","National","6121","Value","%","63.300000","A"
"524_2016","Nepal - 2016","FGW9","Vegetables, other","6212","Percentage of women consuming each food group","10002","Rural","6121","Value","%","59.800000","A"
"524_2016","Nepal - 2016","FGW9","Vegetables, other","6212","Percentage of women consuming each food group","10001","Urban","6121","Value","%","66.400000","A"
"524_2016","Nepal - 2016","FGW10","Fruits, other","6212","Percentage of women consuming each food group","10000","National","6121","Value","%","48.200000","A"
"524_2016","Nepal - 2016","FGW10","Fruits, other","6212","Percentage of women consuming each food group","10002","Rural","6121","Value","%","42.400000","A"
"524_2016","Nepal - 2016","FGW10","Fruits, other","6212","Percentage of women consuming each food group","10001","Urban","6121","Value","%","53.100000","A"
"524_2016","Nepal - 2016","FGW12","Sweet foods","6212","Percentage of women consuming each food group","10000","National","6121","Value","%","55.100000","A"
"524_2016","Nepal - 2016","FGW12","Sweet foods","6212","Percentage of women consuming each food group","10002","Rural","6121","Value","%","51.800000","A"
"524_2016","Nepal - 2016","FGW12","Sweet foods","6212","Percentage of women consuming each food group","10001","Urban","6121","Value","%","57.900000","A"
"524_2016","Nepal - 2016","FGW18","Other beverages and foods","6212","Percentage of women consuming each food group","10000","National","6121","Value","%","16.800000","A"
"524_2016","Nepal - 2016","FGW18","Other beverages and foods","6212","Percentage of women consuming each food group","10002","Rural","6121","Value","%","15.800000","A"
"524_2016","Nepal - 2016","FGW18","Other beverages and foods","6212","Percentage of women consuming each food group","10001","Urban","6121","Value","%","17.700000","A"
"524_2022","Nepal - 2022","FGW0","MDD-W Food groups","6211","Percentage of women achieving MDD-W","10000","National","6121","Value","%","55.700000","A"
"524_2022","Nepal - 2022","FGW0","MDD-W Food groups","6211","Percentage of women achieving MDD-W","10002","Rural","6121","Value","%","45.600000","A"
"524_2022","Nepal - 2022","FGW0","MDD-W Food groups","6211","Percentage of women achieving MDD-W","10001","Urban","6121","Value","%","60.400000","A"
"524_2022","Nepal - 2022","FGW1","Grains, white roots and tubers, and plantains","6212","Percentage of women consuming each food group","10000","National","6121","Value","%","99.500000","A"
"524_2022","Nepal - 2022","FGW1","Grains, white roots and tubers, and plantains","6212","Percentage of women consuming each food group","10002","Rural","6121","Value","%","99.600000","A"
"524_2022","Nepal - 2022","FGW1","Grains, white roots and tubers, and plantains","6212","Percentage of women consuming each food group","10001","Urban","6121","Value","%","99.500000","A"
"524_2022","Nepal - 2022","FGW1A","Foods made from grains","6212","Percentage of women consuming each food group","10000","National","6121","Value","%","99.300000","A"
"524_2022","Nepal - 2022","FGW1A","Foods made from grains","6212","Percentage of women consuming each food group","10002","Rural","6121","Value","%","99.300000","A"
"524_2022","Nepal - 2022","FGW1A","Foods made from grains","6212","Percentage of women consuming each food group","10001","Urban","6121","Value","%","99.200000","A"
"524_2022","Nepal - 2022","FGW1B","White roots and tubers or plantains","6212","Percentage of women consuming each food group","10000","National","6121","Value","%","83.300000","A"
"524_2022","Nepal - 2022","FGW1B","White roots and tubers or plantains","6212","Percentage of women consuming each food group","10002","Rural","6121","Value","%","79.900000","A"
"524_2022","Nepal - 2022","FGW1B","White roots and tubers or plantains","6212","Percentage of women consuming each food group","10001","Urban","6121","Value","%","84.800000","A"
"524_2022","Nepal - 2022","FGW2","Pulses (beans, peas and lentils)","6212","Percentage of women consuming each food group","10000","National","6121","Value","%","74.200000","A"
"524_2022","Nepal - 2022","FGW2","Pulses (beans, peas and lentils)","6212","Percentage of women consuming each food group","10002","Rural","6121","Value","%","71.400000","A"
"524_2022","Nepal - 2022","FGW2","Pulses (beans, peas and lentils)","6212","Percentage of women consuming each food group","10001","Urban","6121","Value","%","75.500000","A"
"524_2022","Nepal - 2022","FGW3","Nuts and seeds","6212","Percentage of women consuming each food group","10000","National","6121","Value","%","15.100000","A"
"524_2022","Nepal - 2022","FGW3","Nuts and seeds","6212","Percentage of women consuming each food group","10002","Rural","6121","Value","%","9.700000","A"
"524_2022","Nepal - 2022","FGW3","Nuts and seeds","6212","Percentage of women consuming each food group","10001","Urban","6121","Value","%","17.600000","A"
"524_2022","Nepal - 2022","FGW4","Dairy","6212","Percentage of women consuming each food group","10000","National","6121","Value","%","53.100000","A"
"524_2022","Nepal - 2022","FGW4","Dairy","6212","Percentage of women consuming each food group","10002","Rural","6121","Value","%","46.300000","A"
"524_2022","Nepal - 2022","FGW4","Dairy","6212","Percentage of women consuming each food group","10001","Urban","6121","Value","%","56.200000","A"
"524_2022","Nepal - 2022","FGW5","Meat, poultry and fish","6212","Percentage of women consuming each food group","10000","National","6121","Value","%","39.100000","A"
"524_2022","Nepal - 2022","FGW5","Meat, poultry and fish","6212","Percentage of women consuming each food group","10002","Rural","6121","Value","%","34.500000","A"
"524_2022","Nepal - 2022","FGW5","Meat, poultry and fish","6212","Percentage of women consuming each food group","10001","Urban","6121","Value","%","41.300000","A"
"524_2022","Nepal - 2022","FGW6","Eggs","6212","Percentage of women consuming each food group","10000","National","6121","Value","%","17.300000","A"
"524_2022","Nepal - 2022","FGW6","Eggs","6212","Percentage of women consuming each food group","10002","Rural","6121","Value","%","13.600000","A"
"524_2022","Nepal - 2022","FGW6","Eggs","6212","Percentage of women consuming each food group","10001","Urban","6121","Value","%","19.000000","A"
"524_2022","Nepal - 2022","FGW7","Dark green leafy vegetables","6212","Percentage of women consuming each food group","10000","National","6121","Value","%","59.300000","A"
"524_2022","Nepal - 2022","FGW7","Dark green leafy vegetables","6212","Percentage of women consuming each food group","10002","Rural","6121","Value","%","59.800000","A"
"524_2022","Nepal - 2022","FGW7","Dark green leafy vegetables","6212","Percentage of women consuming each food group","10001","Urban","6121","Value","%","59.000000","A"
"524_2022","Nepal - 2022","FGW8","Other vitamin A-rich fruits and vegetables","6212","Percentage of women consuming each food group","10000","National","6121","Value","%","21.500000","A"
"524_2022","Nepal - 2022","FGW8","Other vitamin A-rich fruits and vegetables","6212","Percentage of women consuming each food group","10002","Rural","6121","Value","%","16.900000","A"
"524_2022","Nepal - 2022","FGW8","Other vitamin A-rich fruits and vegetables","6212","Percentage of women consuming each food group","10001","Urban","6121","Value","%","23.600000","A"
"524_2022","Nepal - 2022","FGW9","Vegetables, other","6212","Percentage of women consuming each food group","10000","National","6121","Value","%","73.700000","A"
"524_2022","Nepal - 2022","FGW9","Vegetables, other","6212","Percentage of women consuming each food group","10002","Rural","6121","Value","%","65.300000","A"
"524_2022","Nepal - 2022","FGW9","Vegetables, other","6212","Percentage of women consuming each food group","10001","Urban","6121","Value","%","77.500000","A"
"524_2022","Nepal - 2022","FGW10","Fruits, other","6212","Percentage of women consuming each food group","10000","National","6121","Value","%","36.300000","A"
"524_2022","Nepal - 2022","FGW10","Fruits, other","6212","Percentage of women consuming each food group","10002","Rural","6121","Value","%","27.700000","A"
"524_2022","Nepal - 2022","FGW10","Fruits, other","6212","Percentage of women consuming each food group","10001","Urban","6121","Value","%","40.200000","A"
"524_2022","Nepal - 2022","FGW11","Fried and salty snacks","6212","Percentage of women consuming each food group","10000","National","6121","Value","%","32.900000","A"
"524_2022","Nepal - 2022","FGW11","Fried and salty snacks","6212","Percentage of women consuming each food group","10002","Rural","6121","Value","%","30.600000","A"
"524_2022","Nepal - 2022","FGW11","Fried and salty snacks","6212","Percentage of women consuming each food group","10001","Urban","6121","Value","%","33.900000","A"
"524_2022","Nepal - 2022","FGW12","Sweet foods","6212","Percentage of women consuming each food group","10000","National","6121","Value","%","38.200000","A"
"524_2022","Nepal - 2022","FGW12","Sweet foods","6212","Percentage of women consuming each food group","10002","Rural","6121","Value","%","34.900000","A"
"524_2022","Nepal - 2022","FGW12","Sweet foods","6212","Percentage of women consuming each food group","10001","Urban","6121","Value","%","39.700000","A"
"524_2022","Nepal - 2022","FGW13","Sweet beverages","6212","Percentage of women consuming each food group","10000","National","6121","Value","%","66.200000","A"
"524_2022","Nepal - 2022","FGW13","Sweet beverages","6212","Percentage of women consuming each food group","10002","Rural","6121","Value","%","62.600000","A"
"524_2022","Nepal - 2022","FGW13","Sweet beverages","6212","Percentage of women consuming each food group","10001","Urban","6121","Value","%","67.800000","A"
"566_2018","Nigeria - 2018","FGW0","MDD-W Food groups","6211","Percentage of women achieving MDD-W","10000","National","6121","Value","%","55.600000","A"
"566_2018","Nigeria - 2018","FGW0","MDD-W Food groups","6211","Percentage of women achieving MDD-W","10002","Rural","6121","Value","%","51.100000","A"
"566_2018","Nigeria - 2018","FGW0","MDD-W Food groups","6211","Percentage of women achieving MDD-W","10001","Urban","6121","Value","%","61.000000","A"
"566_2018","Nigeria - 2018","FGW1","Grains, white roots and tubers, and plantains","6212","Percentage of women consuming each food group","10000","National","6121","Value","%","98.200000","A"
"566_2018","Nigeria - 2018","FGW1","Grains, white roots and tubers, and plantains","6212","Percentage of women consuming each food group","10002","Rural","6121","Value","%","98.400000","A"
"566_2018","Nigeria - 2018","FGW1","Grains, white roots and tubers, and plantains","6212","Percentage of women consuming each food group","10001","Urban","6121","Value","%","98.000000","A"
"566_2018","Nigeria - 2018","FGW2","Pulses (beans, peas and lentils)","6212","Percentage of women consuming each food group","10000","National","6121","Value","%","48.500000","A"
"566_2018","Nigeria - 2018","FGW2","Pulses (beans, peas and lentils)","6212","Percentage of women consuming each food group","10002","Rural","6121","Value","%","51.300000","A"
"566_2018","Nigeria - 2018","FGW2","Pulses (beans, peas and lentils)","6212","Percentage of women consuming each food group","10001","Urban","6121","Value","%","45.100000","A"
"566_2018","Nigeria - 2018","FGW3","Nuts and seeds","6212","Percentage of women consuming each food group","10000","National","6121","Value","%","31.000000","A"
"566_2018","Nigeria - 2018","FGW3","Nuts and seeds","6212","Percentage of women consuming each food group","10002","Rural","6121","Value","%","31.900000","A"
"566_2018","Nigeria - 2018","FGW3","Nuts and seeds","6212","Percentage of women consuming each food group","10001","Urban","6121","Value","%","29.800000","A"
"566_2018","Nigeria - 2018","FGW4","Dairy","6212","Percentage of women consuming each food group","10000","National","6121","Value","%","20.300000","A"
"566_2018","Nigeria - 2018","FGW4","Dairy","6212","Percentage of women consuming each food group","10002","Rural","6121","Value","%","18.800000","A"
"566_2018","Nigeria - 2018","FGW4","Dairy","6212","Percentage of women consuming each food group","10001","Urban","6121","Value","%","22.000000","A"
"566_2018","Nigeria - 2018","FGW5","Meat, poultry and fish","6212","Percentage of women consuming each food group","10000","National","6121","Value","%","70.500000","A"
"566_2018","Nigeria - 2018","FGW5","Meat, poultry and fish","6212","Percentage of women consuming each food group","10002","Rural","6121","Value","%","58.900000","A"
"566_2018","Nigeria - 2018","FGW5","Meat, poultry and fish","6212","Percentage of women consuming each food group","10001","Urban","6121","Value","%","84.200000","A"
"566_2018","Nigeria - 2018","FGW6","Eggs","6212","Percentage of women consuming each food group","10000","National","6121","Value","%","16.200000","A"
"566_2018","Nigeria - 2018","FGW6","Eggs","6212","Percentage of women consuming each food group","10002","Rural","6121","Value","%","10.900000","A"
"566_2018","Nigeria - 2018","FGW6","Eggs","6212","Percentage of women consuming each food group","10001","Urban","6121","Value","%","22.400000","A"
"566_2018","Nigeria - 2018","FGW7","Dark green leafy vegetables","6212","Percentage of women consuming each food group","10000","National","6121","Value","%","72.700000","A"
"566_2018","Nigeria - 2018","FGW7","Dark green leafy vegetables","6212","Percentage of women consuming each food group","10002","Rural","6121","Value","%","71.700000","A"
"566_2018","Nigeria - 2018","FGW7","Dark green leafy vegetables","6212","Percentage of women consuming each food group","10001","Urban","6121","Value","%","73.900000","A"
"566_2018","Nigeria - 2018","FGW8","Other vitamin A-rich fruits and vegetables","6212","Percentage of women consuming each food group","10000","National","6121","Value","%","32.600000","A"
"566_2018","Nigeria - 2018","FGW8","Other vitamin A-rich fruits and vegetables","6212","Percentage of women consuming each food group","10002","Rural","6121","Value","%","31.400000","A"
"566_2018","Nigeria - 2018","FGW8","Other vitamin A-rich fruits and vegetables","6212","Percentage of women consuming each food group","10001","Urban","6121","Value","%","33.900000","A"
"566_2018","Nigeria - 2018","FGW9","Vegetables, other","6212","Percentage of women consuming each food group","10000","National","6121","Value","%","63.400000","A"
"566_2018","Nigeria - 2018","FGW9","Vegetables, other","6212","Percentage of women consuming each food group","10002","Rural","6121","Value","%","63.100000","A"
"566_2018","Nigeria - 2018","FGW9","Vegetables, other","6212","Percentage of women consuming each food group","10001","Urban","6121","Value","%","63.800000","A"
"566_2018","Nigeria - 2018","FGW10","Fruits, other","6212","Percentage of women consuming each food group","10000","National","6121","Value","%","35.700000","A"
"566_2018","Nigeria - 2018","FGW10","Fruits, other","6212","Percentage of women consuming each food group","10002","Rural","6121","Value","%","32.100000","A"
"566_2018","Nigeria - 2018","FGW10","Fruits, other","6212","Percentage of women consuming each food group","10001","Urban","6121","Value","%","40.000000","A"
"566_2018","Nigeria - 2018","FGW11","Fried and salty snacks","6212","Percentage of women consuming each food group","10000","National","6121","Value","%","19.300000","A"
"566_2018","Nigeria - 2018","FGW11","Fried and salty snacks","6212","Percentage of women consuming each food group","10002","Rural","6121","Value","%","19.300000","A"
"566_2018","Nigeria - 2018","FGW11","Fried and salty snacks","6212","Percentage of women consuming each food group","10001","Urban","6121","Value","%","19.200000","A"
"566_2018","Nigeria - 2018","FGW12","Sweet foods","6212","Percentage of women consuming each food group","10000","National","6121","Value","%","15.500000","A"
"566_2018","Nigeria - 2018","FGW12","Sweet foods","6212","Percentage of women consuming each food group","10002","Rural","6121","Value","%","12.500000","A"
"566_2018","Nigeria - 2018","FGW12","Sweet foods","6212","Percentage of women consuming each food group","10001","Urban","6121","Value","%","18.900000","A"
"566_2018","Nigeria - 2018","FGW13","Sweet beverages","6212","Percentage of women consuming each food group","10000","National","6121","Value","%","21.800000","A"
"566_2018","Nigeria - 2018","FGW13","Sweet beverages","6212","Percentage of women consuming each food group","10002","Rural","6121","Value","%","13.200000","A"
"566_2018","Nigeria - 2018","FGW13","Sweet beverages","6212","Percentage of women consuming each food group","10001","Urban","6121","Value","%","31.800000","A"
"566_2018","Nigeria - 2018","FGW15","Red palm oil","6212","Percentage of women consuming each food group","10000","National","6121","Value","%","77.000000","A"
"566_2018","Nigeria - 2018","FGW15","Red palm oil","6212","Percentage of women consuming each food group","10002","Rural","6121","Value","%","72.700000","A"
"566_2018","Nigeria - 2018","FGW15","Red palm oil","6212","Percentage of women consuming each food group","10001","Urban","6121","Value","%","82.000000","A"
"566_2018","Nigeria - 2018","FGW16","Other oils and fats","6212","Percentage of women consuming each food group","10000","National","6121","Value","%","50.800000","A"
"566_2018","Nigeria - 2018","FGW16","Other oils and fats","6212","Percentage of women consuming each food group","10002","Rural","6121","Value","%","45.500000","A"
"566_2018","Nigeria - 2018","FGW16","Other oils and fats","6212","Percentage of women consuming each food group","10001","Urban","6121","Value","%","57.000000","A"
"566_2018","Nigeria - 2018","FGW17","Condiments and seasonings","6212","Percentage of women consuming each food group","10000","National","6121","Value","%","96.600000","A"
"566_2018","Nigeria - 2018","FGW17","Condiments and seasonings","6212","Percentage of women consuming each food group","10002","Rural","6121","Value","%","96.000000","A"
"566_2018","Nigeria - 2018","FGW17","Condiments and seasonings","6212","Percentage of women consuming each food group","10001","Urban","6121","Value","%","97.300000","A"
"566_2018","Nigeria - 2018","FGW18","Other beverages and foods","6212","Percentage of women consuming each food group","10000","National","6121","Value","%","46.600000","A"
"566_2018","Nigeria - 2018","FGW18","Other beverages and foods","6212","Percentage of women consuming each food group","10002","Rural","6121","Value","%","47.800000","A"
"566_2018","Nigeria - 2018","FGW18","Other beverages and foods","6212","Percentage of women consuming each food group","10001","Urban","6121","Value","%","45.200000","A"
"566_2023","Nigeria - 2023","FGW0","MDD-W Food groups","6211","Percentage of women achieving MDD-W","10000","National","6121","Value","%","43.200000","E"
"566_2023","Nigeria - 2023","FGW0","MDD-W Food groups","6211","Percentage of women achieving MDD-W","10002","Rural","6121","Value","%","41.800000","E"
"566_2023","Nigeria - 2023","FGW0","MDD-W Food groups","6211","Percentage of women achieving MDD-W","10001","Urban","6121","Value","%","45.700000","E"
"566_2023","Nigeria - 2023","FGW1","Grains, white roots and tubers, and plantains","6212","Percentage of women consuming each food group","10000","National","6121","Value","%","94.500000","E"
"566_2023","Nigeria - 2023","FGW1","Grains, white roots and tubers, and plantains","6212","Percentage of women consuming each food group","10002","Rural","6121","Value","%","93.800000","E"
"566_2023","Nigeria - 2023","FGW1","Grains, white roots and tubers, and plantains","6212","Percentage of women consuming each food group","10001","Urban","6121","Value","%","95.700000","E"
"566_2023","Nigeria - 2023","FGW1A","Foods made from grains","6212","Percentage of women consuming each food group","10000","National","6121","Value","%","88.700000","E"
"566_2023","Nigeria - 2023","FGW1A","Foods made from grains","6212","Percentage of women consuming each food group","10002","Rural","6121","Value","%","86.600000","E"
"566_2023","Nigeria - 2023","FGW1A","Foods made from grains","6212","Percentage of women consuming each food group","10001","Urban","6121","Value","%","92.500000","E"
"566_2023","Nigeria - 2023","FGW1B","White roots and tubers or plantains","6212","Percentage of women consuming each food group","10000","National","6121","Value","%","37.100000","E"
"566_2023","Nigeria - 2023","FGW1B","White roots and tubers or plantains","6212","Percentage of women consuming each food group","10002","Rural","6121","Value","%","37.200000","E"
"566_2023","Nigeria - 2023","FGW1B","White roots and tubers or plantains","6212","Percentage of women consuming each food group","10001","Urban","6121","Value","%","37.000000","E"
"566_2023","Nigeria - 2023","FGW2","Pulses (beans, peas and lentils)","6212","Percentage of women consuming each food group","10000","National","6121","Value","%","62.000000","E"
"566_2023","Nigeria - 2023","FGW2","Pulses (beans, peas and lentils)","6212","Percentage of women consuming each food group","10002","Rural","6121","Value","%","62.400000","E"
"566_2023","Nigeria - 2023","FGW2","Pulses (beans, peas and lentils)","6212","Percentage of women consuming each food group","10001","Urban","6121","Value","%","61.300000","E"
"566_2023","Nigeria - 2023","FGW3","Nuts and seeds","6212","Percentage of women consuming each food group","10000","National","6121","Value","%","34.600000","E"
"566_2023","Nigeria - 2023","FGW3","Nuts and seeds","6212","Percentage of women consuming each food group","10002","Rural","6121","Value","%","38.700000","E"
"566_2023","Nigeria - 2023","FGW3","Nuts and seeds","6212","Percentage of women consuming each food group","10001","Urban","6121","Value","%","27.200000","E"
"566_2023","Nigeria - 2023","FGW4","Dairy","6212","Percentage of women consuming each food group","10000","National","6121","Value","%","24.000000","E"
"566_2023","Nigeria - 2023","FGW4","Dairy","6212","Percentage of women consuming each food group","10002","Rural","6121","Value","%","25.500000","E"
"566_2023","Nigeria - 2023","FGW4","Dairy","6212","Percentage of women consuming each food group","10001","Urban","6121","Value","%","21.300000","E"
"566_2023","Nigeria - 2023","FGW5","Meat, poultry and fish","6212","Percentage of women consuming each food group","10000","National","6121","Value","%","54.100000","E"
"566_2023","Nigeria - 2023","FGW5","Meat, poultry and fish","6212","Percentage of women consuming each food group","10002","Rural","6121","Value","%","49.600000","E"
"566_2023","Nigeria - 2023","FGW5","Meat, poultry and fish","6212","Percentage of women consuming each food group","10001","Urban","6121","Value","%","62.120000","E"
"566_2023","Nigeria - 2023","FGW6","Eggs","6212","Percentage of women consuming each food group","10000","National","6121","Value","%","11.100000","E"
"566_2023","Nigeria - 2023","FGW6","Eggs","6212","Percentage of women consuming each food group","10002","Rural","6121","Value","%","7.300000","E"
"566_2023","Nigeria - 2023","FGW6","Eggs","6212","Percentage of women consuming each food group","10001","Urban","6121","Value","%","17.900000","E"
"566_2023","Nigeria - 2023","FGW7","Dark green leafy vegetables","6212","Percentage of women consuming each food group","10000","National","6121","Value","%","32.100000","E"
"566_2023","Nigeria - 2023","FGW7","Dark green leafy vegetables","6212","Percentage of women consuming each food group","10002","Rural","6121","Value","%","34.900000","E"
"566_2023","Nigeria - 2023","FGW7","Dark green leafy vegetables","6212","Percentage of women consuming each food group","10001","Urban","6121","Value","%","27.300000","E"
"566_2023","Nigeria - 2023","FGW8","Other vitamin A-rich fruits and vegetables","6212","Percentage of women consuming each food group","10000","National","6121","Value","%","20.000000","E"
"566_2023","Nigeria - 2023","FGW8","Other vitamin A-rich fruits and vegetables","6212","Percentage of women consuming each food group","10002","Rural","6121","Value","%","18.600000","E"
"566_2023","Nigeria - 2023","FGW8","Other vitamin A-rich fruits and vegetables","6212","Percentage of women consuming each food group","10001","Urban","6121","Value","%","22.600000","E"
"566_2023","Nigeria - 2023","FGW9","Vegetables, other","6212","Percentage of women consuming each food group","10000","National","6121","Value","%","66.800000","E"
"566_2023","Nigeria - 2023","FGW9","Vegetables, other","6212","Percentage of women consuming each food group","10002","Rural","6121","Value","%","62.900000","E"
"566_2023","Nigeria - 2023","FGW9","Vegetables, other","6212","Percentage of women consuming each food group","10001","Urban","6121","Value","%","73.600000","E"
"566_2023","Nigeria - 2023","FGW10","Fruits, other","6212","Percentage of women consuming each food group","10000","National","6121","Value","%","33.600000","E"
"566_2023","Nigeria - 2023","FGW10","Fruits, other","6212","Percentage of women consuming each food group","10002","Rural","6121","Value","%","30.900000","E"
"566_2023","Nigeria - 2023","FGW10","Fruits, other","6212","Percentage of women consuming each food group","10001","Urban","6121","Value","%","38.400000","E"
"566_2023","Nigeria - 2023","FGW11","Fried and salty snacks","6212","Percentage of women consuming each food group","10000","National","6121","Value","%","21.100000","E"
"566_2023","Nigeria - 2023","FGW11","Fried and salty snacks","6212","Percentage of women consuming each food group","10002","Rural","6121","Value","%","17.200000","E"
"566_2023","Nigeria - 2023","FGW11","Fried and salty snacks","6212","Percentage of women consuming each food group","10001","Urban","6121","Value","%","28.400000","E"
"566_2023","Nigeria - 2023","FGW12","Sweet foods","6212","Percentage of women consuming each food group","10000","National","6121","Value","%","13.200000","E"
"566_2023","Nigeria - 2023","FGW12","Sweet foods","6212","Percentage of women consuming each food group","10002","Rural","6121","Value","%","12.500000","E"
"566_2023","Nigeria - 2023","FGW12","Sweet foods","6212","Percentage of women consuming each food group","10001","Urban","6121","Value","%","14.400000","E"
"566_2023","Nigeria - 2023","FGW13","Sweet beverages","6212","Percentage of women consuming each food group","10000","National","6121","Value","%","41.600000","E"
"566_2023","Nigeria - 2023","FGW13","Sweet beverages","6212","Percentage of women consuming each food group","10002","Rural","6121","Value","%","38.800000","E"
"566_2023","Nigeria - 2023","FGW13","Sweet beverages","6212","Percentage of women consuming each food group","10001","Urban","6121","Value","%","46.600000","E"
"608_2022","Philippines - 2022","FGW0","MDD-W Food groups","6211","Percentage of women achieving MDD-W","10000","National","6121","Value","%","70.800000","A"
"608_2022","Philippines - 2022","FGW0","MDD-W Food groups","6211","Percentage of women achieving MDD-W","10002","Rural","6121","Value","%","70.100000","A"
"608_2022","Philippines - 2022","FGW0","MDD-W Food groups","6211","Percentage of women achieving MDD-W","10001","Urban","6121","Value","%","71.300000","A"
"608_2022","Philippines - 2022","FGW1","Grains, white roots and tubers, and plantains","6212","Percentage of women consuming each food group","10000","National","6121","Value","%","99.300000","A"
"608_2022","Philippines - 2022","FGW1","Grains, white roots and tubers, and plantains","6212","Percentage of women consuming each food group","10002","Rural","6121","Value","%","99.200000","A"
"608_2022","Philippines - 2022","FGW1","Grains, white roots and tubers, and plantains","6212","Percentage of women consuming each food group","10001","Urban","6121","Value","%","99.300000","A"
"608_2022","Philippines - 2022","FGW1A","Foods made from grains","6212","Percentage of women consuming each food group","10000","National","6121","Value","%","99.100000","A"
"608_2022","Philippines - 2022","FGW1A","Foods made from grains","6212","Percentage of women consuming each food group","10002","Rural","6121","Value","%","99.100000","A"
"608_2022","Philippines - 2022","FGW1A","Foods made from grains","6212","Percentage of women consuming each food group","10001","Urban","6121","Value","%","99.100000","A"
"608_2022","Philippines - 2022","FGW1B","White roots and tubers or plantains","6212","Percentage of women consuming each food group","10000","National","6121","Value","%","34.900000","A"
"608_2022","Philippines - 2022","FGW1B","White roots and tubers or plantains","6212","Percentage of women consuming each food group","10002","Rural","6121","Value","%","31.600000","A"
"608_2022","Philippines - 2022","FGW1B","White roots and tubers or plantains","6212","Percentage of women consuming each food group","10001","Urban","6121","Value","%","37.500000","A"
"608_2022","Philippines - 2022","FGW2","Pulses (beans, peas and lentils)","6212","Percentage of women consuming each food group","10000","National","6121","Value","%","12.800000","A"
"608_2022","Philippines - 2022","FGW2","Pulses (beans, peas and lentils)","6212","Percentage of women consuming each food group","10002","Rural","6121","Value","%","11.500000","A"
"608_2022","Philippines - 2022","FGW2","Pulses (beans, peas and lentils)","6212","Percentage of women consuming each food group","10001","Urban","6121","Value","%","13.800000","A"
"608_2022","Philippines - 2022","FGW3","Nuts and seeds","6212","Percentage of women consuming each food group","10000","National","6121","Value","%","17.000000","A"
"608_2022","Philippines - 2022","FGW3","Nuts and seeds","6212","Percentage of women consuming each food group","10002","Rural","6121","Value","%","16.200000","A"
"608_2022","Philippines - 2022","FGW3","Nuts and seeds","6212","Percentage of women consuming each food group","10001","Urban","6121","Value","%","17.600000","A"
"608_2022","Philippines - 2022","FGW4","Dairy","6212","Percentage of women consuming each food group","10000","National","6121","Value","%","37.100000","A"
"608_2022","Philippines - 2022","FGW4","Dairy","6212","Percentage of women consuming each food group","10002","Rural","6121","Value","%","36.000000","A"
"608_2022","Philippines - 2022","FGW4","Dairy","6212","Percentage of women consuming each food group","10001","Urban","6121","Value","%","38.000000","A"
"608_2022","Philippines - 2022","FGW5","Meat, poultry and fish","6212","Percentage of women consuming each food group","10000","National","6121","Value","%","95.600000","A"
"608_2022","Philippines - 2022","FGW5","Meat, poultry and fish","6212","Percentage of women consuming each food group","10002","Rural","6121","Value","%","95.100000","A"
"608_2022","Philippines - 2022","FGW5","Meat, poultry and fish","6212","Percentage of women consuming each food group","10001","Urban","6121","Value","%","95.900000","A"
"608_2022","Philippines - 2022","FGW6","Eggs","6212","Percentage of women consuming each food group","10000","National","6121","Value","%","61.700000","A"
"608_2022","Philippines - 2022","FGW6","Eggs","6212","Percentage of women consuming each food group","10002","Rural","6121","Value","%","59.300000","A"
"608_2022","Philippines - 2022","FGW6","Eggs","6212","Percentage of women consuming each food group","10001","Urban","6121","Value","%","63.600000","A"
"608_2022","Philippines - 2022","FGW7","Dark green leafy vegetables","6212","Percentage of women consuming each food group","10000","National","6121","Value","%","57.400000","A"
"608_2022","Philippines - 2022","FGW7","Dark green leafy vegetables","6212","Percentage of women consuming each food group","10002","Rural","6121","Value","%","60.500000","A"
"608_2022","Philippines - 2022","FGW7","Dark green leafy vegetables","6212","Percentage of women consuming each food group","10001","Urban","6121","Value","%","55.000000","A"
"608_2022","Philippines - 2022","FGW8","Other vitamin A-rich fruits and vegetables","6212","Percentage of women consuming each food group","10000","National","6121","Value","%","56.700000","A"
"608_2022","Philippines - 2022","FGW8","Other vitamin A-rich fruits and vegetables","6212","Percentage of women consuming each food group","10002","Rural","6121","Value","%","55.800000","A"
"608_2022","Philippines - 2022","FGW8","Other vitamin A-rich fruits and vegetables","6212","Percentage of women consuming each food group","10001","Urban","6121","Value","%","57.400000","A"
"608_2022","Philippines - 2022","FGW9","Vegetables, other","6212","Percentage of women consuming each food group","10000","National","6121","Value","%","66.000000","A"
"608_2022","Philippines - 2022","FGW9","Vegetables, other","6212","Percentage of women consuming each food group","10002","Rural","6121","Value","%","66.600000","A"
"608_2022","Philippines - 2022","FGW9","Vegetables, other","6212","Percentage of women consuming each food group","10001","Urban","6121","Value","%","65.500000","A"
"608_2022","Philippines - 2022","FGW10","Fruits, other","6212","Percentage of women consuming each food group","10000","National","6121","Value","%","57.500000","A"
"608_2022","Philippines - 2022","FGW10","Fruits, other","6212","Percentage of women consuming each food group","10002","Rural","6121","Value","%","57.400000","A"
"608_2022","Philippines - 2022","FGW10","Fruits, other","6212","Percentage of women consuming each food group","10001","Urban","6121","Value","%","57.500000","A"
"608_2022","Philippines - 2022","FGW11","Fried and salty snacks","6212","Percentage of women consuming each food group","10000","National","6121","Value","%","38.000000","A"
"608_2022","Philippines - 2022","FGW11","Fried and salty snacks","6212","Percentage of women consuming each food group","10002","Rural","6121","Value","%","34.600000","A"
"608_2022","Philippines - 2022","FGW11","Fried and salty snacks","6212","Percentage of women consuming each food group","10001","Urban","6121","Value","%","40.700000","A"
"608_2022","Philippines - 2022","FGW12","Sweet foods","6212","Percentage of women consuming each food group","10000","National","6121","Value","%","57.700000","A"
"608_2022","Philippines - 2022","FGW12","Sweet foods","6212","Percentage of women consuming each food group","10002","Rural","6121","Value","%","56.600000","A"
"608_2022","Philippines - 2022","FGW12","Sweet foods","6212","Percentage of women consuming each food group","10001","Urban","6121","Value","%","58.600000","A"
"608_2022","Philippines - 2022","FGW13","Sweet beverages","6212","Percentage of women consuming each food group","10000","National","6121","Value","%","84.400000","A"
"608_2022","Philippines - 2022","FGW13","Sweet beverages","6212","Percentage of women consuming each food group","10002","Rural","6121","Value","%","83.000000","A"
"608_2022","Philippines - 2022","FGW13","Sweet beverages","6212","Percentage of women consuming each food group","10001","Urban","6121","Value","%","85.500000","A"
"608_2022","Philippines - 2022","FGW18","Other beverages and foods","6212","Percentage of women consuming each food group","10000","National","6121","Value","%","14.600000","A"
"608_2022","Philippines - 2022","FGW18","Other beverages and foods","6212","Percentage of women consuming each food group","10002","Rural","6121","Value","%","15.400000","A"
"608_2022","Philippines - 2022","FGW18","Other beverages and foods","6212","Percentage of women consuming each food group","10001","Urban","6121","Value","%","13.900000","A"
"686_2023","Senegal - 2023","FGW0","MDD-W Food groups","6211","Percentage of women achieving MDD-W","10000","National","6121","Value","%","62.800000","E"
"686_2023","Senegal - 2023","FGW0","MDD-W Food groups","6211","Percentage of women achieving MDD-W","10002","Rural","6121","Value","%","60.300000","E"
"686_2023","Senegal - 2023","FGW0","MDD-W Food groups","6211","Percentage of women achieving MDD-W","10001","Urban","6121","Value","%","65.500000","E"
"686_2023","Senegal - 2023","FGW1","Grains, white roots and tubers, and plantains","6212","Percentage of women consuming each food group","10000","National","6121","Value","%","98.600000","E"
"686_2023","Senegal - 2023","FGW1","Grains, white roots and tubers, and plantains","6212","Percentage of women consuming each food group","10002","Rural","6121","Value","%","98.800000","E"
"686_2023","Senegal - 2023","FGW1","Grains, white roots and tubers, and plantains","6212","Percentage of women consuming each food group","10001","Urban","6121","Value","%","98.300000","E"
"686_2023","Senegal - 2023","FGW1A","Foods made from grains","6212","Percentage of women consuming each food group","10000","National","6121","Value","%","98.100000","E"
"686_2023","Senegal - 2023","FGW1A","Foods made from grains","6212","Percentage of women consuming each food group","10002","Rural","6121","Value","%","98.500000","E"
"686_2023","Senegal - 2023","FGW1A","Foods made from grains","6212","Percentage of women consuming each food group","10001","Urban","6121","Value","%","97.800000","E"
"686_2023","Senegal - 2023","FGW1B","White roots and tubers or plantains","6212","Percentage of women consuming each food group","10000","National","6121","Value","%","46.800000","E"
"686_2023","Senegal - 2023","FGW1B","White roots and tubers or plantains","6212","Percentage of women consuming each food group","10002","Rural","6121","Value","%","42.100000","E"
"686_2023","Senegal - 2023","FGW1B","White roots and tubers or plantains","6212","Percentage of women consuming each food group","10001","Urban","6121","Value","%","51.800000","E"
"686_2023","Senegal - 2023","FGW2","Pulses (beans, peas and lentils)","6212","Percentage of women consuming each food group","10000","National","6121","Value","%","26.200000","E"
"686_2023","Senegal - 2023","FGW2","Pulses (beans, peas and lentils)","6212","Percentage of women consuming each food group","10002","Rural","6121","Value","%","27.600000","E"
"686_2023","Senegal - 2023","FGW2","Pulses (beans, peas and lentils)","6212","Percentage of women consuming each food group","10001","Urban","6121","Value","%","24.700000","E"
"686_2023","Senegal - 2023","FGW3","Nuts and seeds","6212","Percentage of women consuming each food group","10000","National","6121","Value","%","25.800000","E"
"686_2023","Senegal - 2023","FGW3","Nuts and seeds","6212","Percentage of women consuming each food group","10002","Rural","6121","Value","%","31.600000","E"
"686_2023","Senegal - 2023","FGW3","Nuts and seeds","6212","Percentage of women consuming each food group","10001","Urban","6121","Value","%","19.700000","E"
"686_2023","Senegal - 2023","FGW4","Dairy","6212","Percentage of women consuming each food group","10000","National","6121","Value","%","48.300000","E"
"686_2023","Senegal - 2023","FGW4","Dairy","6212","Percentage of women consuming each food group","10002","Rural","6121","Value","%","37.700000","E"
"686_2023","Senegal - 2023","FGW4","Dairy","6212","Percentage of women consuming each food group","10001","Urban","6121","Value","%","59.400000","E"
"686_2023","Senegal - 2023","FGW5","Meat, poultry and fish","6212","Percentage of women consuming each food group","10000","National","6121","Value","%","89.900000","E"
"686_2023","Senegal - 2023","FGW5","Meat, poultry and fish","6212","Percentage of women consuming each food group","10002","Rural","6121","Value","%","87.600000","E"
"686_2023","Senegal - 2023","FGW5","Meat, poultry and fish","6212","Percentage of women consuming each food group","10001","Urban","6121","Value","%","92.200000","E"
"686_2023","Senegal - 2023","FGW6","Eggs","6212","Percentage of women consuming each food group","10000","National","6121","Value","%","15.500000","E"
"686_2023","Senegal - 2023","FGW6","Eggs","6212","Percentage of women consuming each food group","10002","Rural","6121","Value","%","9.600000","E"
"686_2023","Senegal - 2023","FGW6","Eggs","6212","Percentage of women consuming each food group","10001","Urban","6121","Value","%","21.600000","E"
"686_2023","Senegal - 2023","FGW7","Dark green leafy vegetables","6212","Percentage of women consuming each food group","10000","National","6121","Value","%","39.700000","E"
"686_2023","Senegal - 2023","FGW7","Dark green leafy vegetables","6212","Percentage of women consuming each food group","10002","Rural","6121","Value","%","44.200000","E"
"686_2023","Senegal - 2023","FGW7","Dark green leafy vegetables","6212","Percentage of women consuming each food group","10001","Urban","6121","Value","%","35.100000","E"
"686_2023","Senegal - 2023","FGW8","Other vitamin A-rich fruits and vegetables","6212","Percentage of women consuming each food group","10000","National","6121","Value","%","70.300000","E"
"686_2023","Senegal - 2023","FGW8","Other vitamin A-rich fruits and vegetables","6212","Percentage of women consuming each food group","10002","Rural","6121","Value","%","71.300000","E"
"686_2023","Senegal - 2023","FGW8","Other vitamin A-rich fruits and vegetables","6212","Percentage of women consuming each food group","10001","Urban","6121","Value","%","69.300000","E"
"686_2023","Senegal - 2023","FGW9","Vegetables, other","6212","Percentage of women consuming each food group","10000","National","6121","Value","%","64.800000","E"
"686_2023","Senegal - 2023","FGW9","Vegetables, other","6212","Percentage of women consuming each food group","10002","Rural","6121","Value","%","65.500000","E"
"686_2023","Senegal - 2023","FGW9","Vegetables, other","6212","Percentage of women consuming each food group","10001","Urban","6121","Value","%","64.000000","E"
"686_2023","Senegal - 2023","FGW10","Fruits, other","6212","Percentage of women consuming each food group","10000","National","6121","Value","%","20.500000","E"
"686_2023","Senegal - 2023","FGW10","Fruits, other","6212","Percentage of women consuming each food group","10002","Rural","6121","Value","%","14.400000","E"
"686_2023","Senegal - 2023","FGW10","Fruits, other","6212","Percentage of women consuming each food group","10001","Urban","6121","Value","%","26.900000","E"
"686_2023","Senegal - 2023","FGW11","Fried and salty snacks","6212","Percentage of women consuming each food group","10000","National","6121","Value","%","17.600000","E"
"686_2023","Senegal - 2023","FGW11","Fried and salty snacks","6212","Percentage of women consuming each food group","10002","Rural","6121","Value","%","13.700000","E"
"686_2023","Senegal - 2023","FGW11","Fried and salty snacks","6212","Percentage of women consuming each food group","10001","Urban","6121","Value","%","21.700000","E"
"686_2023","Senegal - 2023","FGW12","Sweet foods","6212","Percentage of women consuming each food group","10000","National","6121","Value","%","24.900000","E"
"686_2023","Senegal - 2023","FGW12","Sweet foods","6212","Percentage of women consuming each food group","10002","Rural","6121","Value","%","21.100000","E"
"686_2023","Senegal - 2023","FGW12","Sweet foods","6212","Percentage of women consuming each food group","10001","Urban","6121","Value","%","28.800000","E"
"686_2023","Senegal - 2023","FGW13","Sweet beverages","6212","Percentage of women consuming each food group","10000","National","6121","Value","%","89.500000","E"
"686_2023","Senegal - 2023","FGW13","Sweet beverages","6212","Percentage of women consuming each food group","10002","Rural","6121","Value","%","88.100000","E"
"686_2023","Senegal - 2023","FGW13","Sweet beverages","6212","Percentage of women consuming each food group","10001","Urban","6121","Value","%","90.900000","E"
"686_2023","Senegal - 2023","FGW15","Red palm oil","6212","Percentage of women consuming each food group","10000","National","6121","Value","%","7.400000","E"
"686_2023","Senegal - 2023","FGW15","Red palm oil","6212","Percentage of women consuming each food group","10002","Rural","6121","Value","%","6.300000","E"
"686_2023","Senegal - 2023","FGW15","Red palm oil","6212","Percentage of women consuming each food group","10001","Urban","6121","Value","%","8.600000","E"
"686_2023","Senegal - 2023","FGW18","Other beverages and foods","6212","Percentage of women consuming each food group","10000","National","6121","Value","%","2.600000","E"
"686_2023","Senegal - 2023","FGW18","Other beverages and foods","6212","Percentage of women consuming each food group","10002","Rural","6121","Value","%","2.900000","E"
"686_2023","Senegal - 2023","FGW18","Other beverages and foods","6212","Percentage of women consuming each food group","10001","Urban","6121","Value","%","2.200000","E"
"694_2019","Sierra Leone - 2019","FGW0","MDD-W Food groups","6211","Percentage of women achieving MDD-W","10000","National","6121","Value","%","56.400000","A"
"694_2019","Sierra Leone - 2019","FGW0","MDD-W Food groups","6211","Percentage of women achieving MDD-W","10002","Rural","6121","Value","%","56.600000","A"
"694_2019","Sierra Leone - 2019","FGW0","MDD-W Food groups","6211","Percentage of women achieving MDD-W","10001","Urban","6121","Value","%","56.200000","A"
"694_2019","Sierra Leone - 2019","FGW1","Grains, white roots and tubers, and plantains","6212","Percentage of women consuming each food group","10000","National","6121","Value","%","95.900000","A"
"694_2019","Sierra Leone - 2019","FGW1","Grains, white roots and tubers, and plantains","6212","Percentage of women consuming each food group","10002","Rural","6121","Value","%","98.300000","A"
"694_2019","Sierra Leone - 2019","FGW1","Grains, white roots and tubers, and plantains","6212","Percentage of women consuming each food group","10001","Urban","6121","Value","%","93.000000","A"
"694_2019","Sierra Leone - 2019","FGW2","Pulses (beans, peas and lentils)","6212","Percentage of women consuming each food group","10000","National","6121","Value","%","22.700000","A"
"694_2019","Sierra Leone - 2019","FGW2","Pulses (beans, peas and lentils)","6212","Percentage of women consuming each food group","10002","Rural","6121","Value","%","20.300000","A"
"694_2019","Sierra Leone - 2019","FGW2","Pulses (beans, peas and lentils)","6212","Percentage of women consuming each food group","10001","Urban","6121","Value","%","25.500000","A"
"694_2019","Sierra Leone - 2019","FGW3","Nuts and seeds","6212","Percentage of women consuming each food group","10000","National","6121","Value","%","29.400000","A"
"694_2019","Sierra Leone - 2019","FGW3","Nuts and seeds","6212","Percentage of women consuming each food group","10002","Rural","6121","Value","%","31.400000","A"
"694_2019","Sierra Leone - 2019","FGW3","Nuts and seeds","6212","Percentage of women consuming each food group","10001","Urban","6121","Value","%","27.000000","A"
"694_2019","Sierra Leone - 2019","FGW4","Dairy","6212","Percentage of women consuming each food group","10000","National","6121","Value","%","17.600000","A"
"694_2019","Sierra Leone - 2019","FGW4","Dairy","6212","Percentage of women consuming each food group","10002","Rural","6121","Value","%","10.000000","A"
"694_2019","Sierra Leone - 2019","FGW4","Dairy","6212","Percentage of women consuming each food group","10001","Urban","6121","Value","%","26.600000","A"
"694_2019","Sierra Leone - 2019","FGW5","Meat, poultry and fish","6212","Percentage of women consuming each food group","10000","National","6121","Value","%","89.300000","A"
"694_2019","Sierra Leone - 2019","FGW5","Meat, poultry and fish","6212","Percentage of women consuming each food group","10002","Rural","6121","Value","%","90.000000","A"
"694_2019","Sierra Leone - 2019","FGW5","Meat, poultry and fish","6212","Percentage of women consuming each food group","10001","Urban","6121","Value","%","88.400000","A"
"694_2019","Sierra Leone - 2019","FGW6","Eggs","6212","Percentage of women consuming each food group","10000","National","6121","Value","%","18.000000","A"
"694_2019","Sierra Leone - 2019","FGW6","Eggs","6212","Percentage of women consuming each food group","10002","Rural","6121","Value","%","14.100000","A"
"694_2019","Sierra Leone - 2019","FGW6","Eggs","6212","Percentage of women consuming each food group","10001","Urban","6121","Value","%","22.600000","A"
"694_2019","Sierra Leone - 2019","FGW7","Dark green leafy vegetables","6212","Percentage of women consuming each food group","10000","National","6121","Value","%","70.300000","A"
"694_2019","Sierra Leone - 2019","FGW7","Dark green leafy vegetables","6212","Percentage of women consuming each food group","10002","Rural","6121","Value","%","75.700000","A"
"694_2019","Sierra Leone - 2019","FGW7","Dark green leafy vegetables","6212","Percentage of women consuming each food group","10001","Urban","6121","Value","%","63.900000","A"
"694_2019","Sierra Leone - 2019","FGW8","Other vitamin A-rich fruits and vegetables","6212","Percentage of women consuming each food group","10000","National","6121","Value","%","62.500000","A"
"694_2019","Sierra Leone - 2019","FGW8","Other vitamin A-rich fruits and vegetables","6212","Percentage of women consuming each food group","10002","Rural","6121","Value","%","62.200000","A"
"694_2019","Sierra Leone - 2019","FGW8","Other vitamin A-rich fruits and vegetables","6212","Percentage of women consuming each food group","10001","Urban","6121","Value","%","62.800000","A"
"694_2019","Sierra Leone - 2019","FGW9","Vegetables, other","6212","Percentage of women consuming each food group","10000","National","6121","Value","%","64.000000","A"
"694_2019","Sierra Leone - 2019","FGW9","Vegetables, other","6212","Percentage of women consuming each food group","10002","Rural","6121","Value","%","65.100000","A"
"694_2019","Sierra Leone - 2019","FGW9","Vegetables, other","6212","Percentage of women consuming each food group","10001","Urban","6121","Value","%","62.800000","A"
"694_2019","Sierra Leone - 2019","FGW10","Fruits, other","6212","Percentage of women consuming each food group","10000","National","6121","Value","%","29.500000","A"
"694_2019","Sierra Leone - 2019","FGW10","Fruits, other","6212","Percentage of women consuming each food group","10002","Rural","6121","Value","%","30.300000","A"
"694_2019","Sierra Leone - 2019","FGW10","Fruits, other","6212","Percentage of women consuming each food group","10001","Urban","6121","Value","%","28.400000","A"
"694_2019","Sierra Leone - 2019","FGW11","Fried and salty snacks","6212","Percentage of women consuming each food group","10000","National","6121","Value","%","14.900000","A"
"694_2019","Sierra Leone - 2019","FGW11","Fried and salty snacks","6212","Percentage of women consuming each food group","10002","Rural","6121","Value","%","11.600000","A"
"694_2019","Sierra Leone - 2019","FGW11","Fried and salty snacks","6212","Percentage of women consuming each food group","10001","Urban","6121","Value","%","18.700000","A"
"694_2019","Sierra Leone - 2019","FGW12","Sweet foods","6212","Percentage of women consuming each food group","10000","National","6121","Value","%","15.000000","A"
"694_2019","Sierra Leone - 2019","FGW12","Sweet foods","6212","Percentage of women consuming each food group","10002","Rural","6121","Value","%","10.400000","A"
"694_2019","Sierra Leone - 2019","FGW12","Sweet foods","6212","Percentage of women consuming each food group","10001","Urban","6121","Value","%","20.300000","A"
"694_2019","Sierra Leone - 2019","FGW13","Sweet beverages","6212","Percentage of women consuming each food group","10000","National","6121","Value","%","20.600000","A"
"694_2019","Sierra Leone - 2019","FGW13","Sweet beverages","6212","Percentage of women consuming each food group","10002","Rural","6121","Value","%","13.300000","A"
"694_2019","Sierra Leone - 2019","FGW13","Sweet beverages","6212","Percentage of women consuming each food group","10001","Urban","6121","Value","%","29.200000","A"
"694_2019","Sierra Leone - 2019","FGW15","Red palm oil","6212","Percentage of women consuming each food group","10000","National","6121","Value","%","83.100000","A"
"694_2019","Sierra Leone - 2019","FGW15","Red palm oil","6212","Percentage of women consuming each food group","10002","Rural","6121","Value","%","88.800000","A"
"694_2019","Sierra Leone - 2019","FGW15","Red palm oil","6212","Percentage of women consuming each food group","10001","Urban","6121","Value","%","76.400000","A"
"694_2019","Sierra Leone - 2019","FGW16","Other oils and fats","6212","Percentage of women consuming each food group","10000","National","6121","Value","%","33.100000","A"
"694_2019","Sierra Leone - 2019","FGW16","Other oils and fats","6212","Percentage of women consuming each food group","10002","Rural","6121","Value","%","26.500000","A"
"694_2019","Sierra Leone - 2019","FGW16","Other oils and fats","6212","Percentage of women consuming each food group","10001","Urban","6121","Value","%","40.800000","A"
"694_2019","Sierra Leone - 2019","FGW17","Condiments and seasonings","6212","Percentage of women consuming each food group","10000","National","6121","Value","%","65.200000","A"
"694_2019","Sierra Leone - 2019","FGW17","Condiments and seasonings","6212","Percentage of women consuming each food group","10002","Rural","6121","Value","%","68.700000","A"
"694_2019","Sierra Leone - 2019","FGW17","Condiments and seasonings","6212","Percentage of women consuming each food group","10001","Urban","6121","Value","%","61.000000","A"
"694_2019","Sierra Leone - 2019","FGW18","Other beverages and foods","6212","Percentage of women consuming each food group","10000","National","6121","Value","%","37.600000","A"
"694_2019","Sierra Leone - 2019","FGW18","Other beverages and foods","6212","Percentage of women consuming each food group","10002","Rural","6121","Value","%","39.000000","A"
"694_2019","Sierra Leone - 2019","FGW18","Other beverages and foods","6212","Percentage of women consuming each food group","10001","Urban","6121","Value","%","36.000000","A"
"762_2017","Tajikistan - 2017","FGW0","MDD-W Food groups","6211","Percentage of women achieving MDD-W","10000","National","6121","Value","%","80.400000","A"
"762_2017","Tajikistan - 2017","FGW0","MDD-W Food groups","6211","Percentage of women achieving MDD-W","10002","Rural","6121","Value","%","78.500000","A"
"762_2017","Tajikistan - 2017","FGW0","MDD-W Food groups","6211","Percentage of women achieving MDD-W","10001","Urban","6121","Value","%","86.100000","A"
"762_2017","Tajikistan - 2017","FGW1A","Foods made from grains","6212","Percentage of women consuming each food group","10000","National","6121","Value","%","98.600000","A"
"762_2017","Tajikistan - 2017","FGW1A","Foods made from grains","6212","Percentage of women consuming each food group","10002","Rural","6121","Value","%","99.000000","A"
"762_2017","Tajikistan - 2017","FGW1A","Foods made from grains","6212","Percentage of women consuming each food group","10001","Urban","6121","Value","%","97.500000","A"
"762_2017","Tajikistan - 2017","FGW1B","White roots and tubers or plantains","6212","Percentage of women consuming each food group","10000","National","6121","Value","%","85.100000","A"
"762_2017","Tajikistan - 2017","FGW1B","White roots and tubers or plantains","6212","Percentage of women consuming each food group","10002","Rural","6121","Value","%","85.400000","A"
"762_2017","Tajikistan - 2017","FGW1B","White roots and tubers or plantains","6212","Percentage of women consuming each food group","10001","Urban","6121","Value","%","84.400000","A"
"762_2017","Tajikistan - 2017","FGW2","Pulses (beans, peas and lentils)","6212","Percentage of women consuming each food group","10000","National","6121","Value","%","44.900000","A"
"762_2017","Tajikistan - 2017","FGW2","Pulses (beans, peas and lentils)","6212","Percentage of women consuming each food group","10002","Rural","6121","Value","%","44.700000","A"
"762_2017","Tajikistan - 2017","FGW2","Pulses (beans, peas and lentils)","6212","Percentage of women consuming each food group","10001","Urban","6121","Value","%","45.500000","A"
"762_2017","Tajikistan - 2017","FGW3","Nuts and seeds","6212","Percentage of women consuming each food group","10000","National","6121","Value","%","38.800000","A"
"762_2017","Tajikistan - 2017","FGW3","Nuts and seeds","6212","Percentage of women consuming each food group","10002","Rural","6121","Value","%","38.300000","A"
"762_2017","Tajikistan - 2017","FGW3","Nuts and seeds","6212","Percentage of women consuming each food group","10001","Urban","6121","Value","%","40.600000","A"
"762_2017","Tajikistan - 2017","FGW4","Dairy","6212","Percentage of women consuming each food group","10000","National","6121","Value","%","69.400000","A"
"762_2017","Tajikistan - 2017","FGW4","Dairy","6212","Percentage of women consuming each food group","10002","Rural","6121","Value","%","68.400000","A"
"762_2017","Tajikistan - 2017","FGW4","Dairy","6212","Percentage of women consuming each food group","10001","Urban","6121","Value","%","72.500000","A"
"762_2017","Tajikistan - 2017","FGW5","Meat, poultry and fish","6212","Percentage of women consuming each food group","10000","National","6121","Value","%","77.800000","A"
"762_2017","Tajikistan - 2017","FGW5","Meat, poultry and fish","6212","Percentage of women consuming each food group","10002","Rural","6121","Value","%","75.300000","A"
"762_2017","Tajikistan - 2017","FGW5","Meat, poultry and fish","6212","Percentage of women consuming each food group","10001","Urban","6121","Value","%","85.100000","A"
"762_2017","Tajikistan - 2017","FGW6","Eggs","6212","Percentage of women consuming each food group","10000","National","6121","Value","%","45.300000","A"
"762_2017","Tajikistan - 2017","FGW6","Eggs","6212","Percentage of women consuming each food group","10002","Rural","6121","Value","%","43.100000","A"
"762_2017","Tajikistan - 2017","FGW6","Eggs","6212","Percentage of women consuming each food group","10001","Urban","6121","Value","%","51.700000","A"
"762_2017","Tajikistan - 2017","FGW7","Dark green leafy vegetables","6212","Percentage of women consuming each food group","10000","National","6121","Value","%","18.700000","A"
"762_2017","Tajikistan - 2017","FGW7","Dark green leafy vegetables","6212","Percentage of women consuming each food group","10002","Rural","6121","Value","%","17.700000","A"
"762_2017","Tajikistan - 2017","FGW7","Dark green leafy vegetables","6212","Percentage of women consuming each food group","10001","Urban","6121","Value","%","21.500000","A"
"762_2017","Tajikistan - 2017","FGW8","Other vitamin A-rich fruits and vegetables","6212","Percentage of women consuming each food group","10000","National","6121","Value","%","59.900000","A"
"762_2017","Tajikistan - 2017","FGW8","Other vitamin A-rich fruits and vegetables","6212","Percentage of women consuming each food group","10002","Rural","6121","Value","%","58.500000","A"
"762_2017","Tajikistan - 2017","FGW8","Other vitamin A-rich fruits and vegetables","6212","Percentage of women consuming each food group","10001","Urban","6121","Value","%","64.300000","A"
"762_2017","Tajikistan - 2017","FGW9","Vegetables, other","6212","Percentage of women consuming each food group","10000","National","6121","Value","%","72.900000","A"
"762_2017","Tajikistan - 2017","FGW9","Vegetables, other","6212","Percentage of women consuming each food group","10002","Rural","6121","Value","%","72.900000","A"
"762_2017","Tajikistan - 2017","FGW9","Vegetables, other","6212","Percentage of women consuming each food group","10001","Urban","6121","Value","%","72.900000","A"
"762_2017","Tajikistan - 2017","FGW10","Fruits, other","6212","Percentage of women consuming each food group","10000","National","6121","Value","%","75.600000","A"
"762_2017","Tajikistan - 2017","FGW10","Fruits, other","6212","Percentage of women consuming each food group","10002","Rural","6121","Value","%","74.700000","A"
"762_2017","Tajikistan - 2017","FGW10","Fruits, other","6212","Percentage of women consuming each food group","10001","Urban","6121","Value","%","78.200000","A"
"762_2017","Tajikistan - 2017","FGW11","Fried and salty snacks","6212","Percentage of women consuming each food group","10000","National","6121","Value","%","15.300000","A"
"762_2017","Tajikistan - 2017","FGW11","Fried and salty snacks","6212","Percentage of women consuming each food group","10002","Rural","6121","Value","%","14.300000","A"
"762_2017","Tajikistan - 2017","FGW11","Fried and salty snacks","6212","Percentage of women consuming each food group","10001","Urban","6121","Value","%","18.500000","A"
"762_2017","Tajikistan - 2017","FGW12","Sweet foods","6212","Percentage of women consuming each food group","10000","National","6121","Value","%","62.300000","A"
"762_2017","Tajikistan - 2017","FGW12","Sweet foods","6212","Percentage of women consuming each food group","10002","Rural","6121","Value","%","60.900000","A"
"762_2017","Tajikistan - 2017","FGW12","Sweet foods","6212","Percentage of women consuming each food group","10001","Urban","6121","Value","%","66.200000","A"
"762_2017","Tajikistan - 2017","FGW13","Sweet beverages","6212","Percentage of women consuming each food group","10000","National","6121","Value","%","52.600000","A"
"762_2017","Tajikistan - 2017","FGW13","Sweet beverages","6212","Percentage of women consuming each food group","10002","Rural","6121","Value","%","51.700000","A"
"762_2017","Tajikistan - 2017","FGW13","Sweet beverages","6212","Percentage of women consuming each food group","10001","Urban","6121","Value","%","55.300000","A"
"762_2017","Tajikistan - 2017","FGW16","Other oils and fats","6212","Percentage of women consuming each food group","10000","National","6121","Value","%","74.900000","A"
"762_2017","Tajikistan - 2017","FGW16","Other oils and fats","6212","Percentage of women consuming each food group","10002","Rural","6121","Value","%","76.100000","A"
"762_2017","Tajikistan - 2017","FGW16","Other oils and fats","6212","Percentage of women consuming each food group","10001","Urban","6121","Value","%","71.200000","A"
"762_2017","Tajikistan - 2017","FGW17","Condiments and seasonings","6212","Percentage of women consuming each food group","10000","National","6121","Value","%","38.800000","A"
"762_2017","Tajikistan - 2017","FGW17","Condiments and seasonings","6212","Percentage of women consuming each food group","10002","Rural","6121","Value","%","37.300000","A"
"762_2017","Tajikistan - 2017","FGW17","Condiments and seasonings","6212","Percentage of women consuming each food group","10001","Urban","6121","Value","%","43.300000","A"
"762_2017","Tajikistan - 2017","FGW18","Other beverages and foods","6212","Percentage of women consuming each food group","10000","National","6121","Value","%","66.500000","A"
"762_2017","Tajikistan - 2017","FGW18","Other beverages and foods","6212","Percentage of women consuming each food group","10002","Rural","6121","Value","%","66.000000","A"
"762_2017","Tajikistan - 2017","FGW18","Other beverages and foods","6212","Percentage of women consuming each food group","10001","Urban","6121","Value","%","68.100000","A"
"788_1996","Tunisia - 1996","FGW0","MDD-W Food groups","6211","Percentage of women achieving MDD-W","10000","National","6121","Value","%","80.200000","E"
"788_1996","Tunisia - 1996","FGW0","MDD-W Food groups","6211","Percentage of women achieving MDD-W","10002","Rural","6121","Value","%","74.600000","E"
"788_1996","Tunisia - 1996","FGW0","MDD-W Food groups","6211","Percentage of women achieving MDD-W","10001","Urban","6121","Value","%","83.600000","E"
"788_1996","Tunisia - 1996","FGW1","Grains, white roots and tubers, and plantains","6212","Percentage of women consuming each food group","10000","National","6121","Value","%","100.000000","E"
"788_1996","Tunisia - 1996","FGW1","Grains, white roots and tubers, and plantains","6212","Percentage of women consuming each food group","10002","Rural","6121","Value","%","100.000000","E"
"788_1996","Tunisia - 1996","FGW1","Grains, white roots and tubers, and plantains","6212","Percentage of women consuming each food group","10001","Urban","6121","Value","%","100.000000","E"
"788_1996","Tunisia - 1996","FGW2","Pulses (beans, peas and lentils)","6212","Percentage of women consuming each food group","10000","National","6121","Value","%","62.300000","E"
"788_1996","Tunisia - 1996","FGW2","Pulses (beans, peas and lentils)","6212","Percentage of women consuming each food group","10002","Rural","6121","Value","%","71.300000","E"
"788_1996","Tunisia - 1996","FGW2","Pulses (beans, peas and lentils)","6212","Percentage of women consuming each food group","10001","Urban","6121","Value","%","56.900000","E"
"788_1996","Tunisia - 1996","FGW3","Nuts and seeds","6212","Percentage of women consuming each food group","10000","National","6121","Value","%","4.200000","E"
"788_1996","Tunisia - 1996","FGW3","Nuts and seeds","6212","Percentage of women consuming each food group","10002","Rural","6121","Value","%","1.700000","E"
"788_1996","Tunisia - 1996","FGW3","Nuts and seeds","6212","Percentage of women consuming each food group","10001","Urban","6121","Value","%","5.600000","E"
"788_1996","Tunisia - 1996","FGW4","Dairy","6212","Percentage of women consuming each food group","10000","National","6121","Value","%","62.800000","E"
"788_1996","Tunisia - 1996","FGW4","Dairy","6212","Percentage of women consuming each food group","10002","Rural","6121","Value","%","48.800000","E"
"788_1996","Tunisia - 1996","FGW4","Dairy","6212","Percentage of women consuming each food group","10001","Urban","6121","Value","%","71.300000","E"
"788_1996","Tunisia - 1996","FGW5","Meat, poultry and fish","6212","Percentage of women consuming each food group","10000","National","6121","Value","%","60.000000","E"
"788_1996","Tunisia - 1996","FGW5","Meat, poultry and fish","6212","Percentage of women consuming each food group","10002","Rural","6121","Value","%","39.500000","E"
"788_1996","Tunisia - 1996","FGW5","Meat, poultry and fish","6212","Percentage of women consuming each food group","10001","Urban","6121","Value","%","72.400000","E"
"788_1996","Tunisia - 1996","FGW6","Eggs","6212","Percentage of women consuming each food group","10000","National","6121","Value","%","28.100000","E"
"788_1996","Tunisia - 1996","FGW6","Eggs","6212","Percentage of women consuming each food group","10002","Rural","6121","Value","%","25.000000","E"
"788_1996","Tunisia - 1996","FGW6","Eggs","6212","Percentage of women consuming each food group","10001","Urban","6121","Value","%","30.000000","E"
"788_1996","Tunisia - 1996","FGW7","Dark green leafy vegetables","6212","Percentage of women consuming each food group","10000","National","6121","Value","%","28.300000","E"
"788_1996","Tunisia - 1996","FGW7","Dark green leafy vegetables","6212","Percentage of women consuming each food group","10002","Rural","6121","Value","%","45.000000","E"
"788_1996","Tunisia - 1996","FGW7","Dark green leafy vegetables","6212","Percentage of women consuming each food group","10001","Urban","6121","Value","%","18.200000","E"
"788_1996","Tunisia - 1996","FGW8","Other vitamin A-rich fruits and vegetables","6212","Percentage of women consuming each food group","10000","National","6121","Value","%","49.600000","E"
"788_1996","Tunisia - 1996","FGW8","Other vitamin A-rich fruits and vegetables","6212","Percentage of women consuming each food group","10002","Rural","6121","Value","%","61.200000","E"
"788_1996","Tunisia - 1996","FGW8","Other vitamin A-rich fruits and vegetables","6212","Percentage of women consuming each food group","10001","Urban","6121","Value","%","42.600000","E"
"788_1996","Tunisia - 1996","FGW9","Vegetables, other","6212","Percentage of women consuming each food group","10000","National","6121","Value","%","99.400000","E"
"788_1996","Tunisia - 1996","FGW9","Vegetables, other","6212","Percentage of women consuming each food group","10002","Rural","6121","Value","%","99.600000","E"
"788_1996","Tunisia - 1996","FGW9","Vegetables, other","6212","Percentage of women consuming each food group","10001","Urban","6121","Value","%","99.200000","E"
"788_1996","Tunisia - 1996","FGW10","Fruits, other","6212","Percentage of women consuming each food group","10000","National","6121","Value","%","58.800000","E"
"788_1996","Tunisia - 1996","FGW10","Fruits, other","6212","Percentage of women consuming each food group","10002","Rural","6121","Value","%","45.600000","E"
"788_1996","Tunisia - 1996","FGW10","Fruits, other","6212","Percentage of women consuming each food group","10001","Urban","6121","Value","%","66.800000","E"
"788_1996","Tunisia - 1996","FGW12","Sweet foods","6212","Percentage of women consuming each food group","10000","National","6121","Value","%","87.500000","E"
"788_1996","Tunisia - 1996","FGW12","Sweet foods","6212","Percentage of women consuming each food group","10002","Rural","6121","Value","%","80.600000","E"
"788_1996","Tunisia - 1996","FGW12","Sweet foods","6212","Percentage of women consuming each food group","10001","Urban","6121","Value","%","91.600000","E"
"788_1996","Tunisia - 1996","FGW13","Sweet beverages","6212","Percentage of women consuming each food group","10000","National","6121","Value","%","17.200000","E"
"788_1996","Tunisia - 1996","FGW13","Sweet beverages","6212","Percentage of women consuming each food group","10002","Rural","6121","Value","%","11.400000","E"
"788_1996","Tunisia - 1996","FGW13","Sweet beverages","6212","Percentage of women consuming each food group","10001","Urban","6121","Value","%","20.800000","E"
"788_1996","Tunisia - 1996","FGW16","Other oils and fats","6212","Percentage of women consuming each food group","10000","National","6121","Value","%","99.900000","E"
"788_1996","Tunisia - 1996","FGW16","Other oils and fats","6212","Percentage of women consuming each food group","10002","Rural","6121","Value","%","99.800000","E"
"788_1996","Tunisia - 1996","FGW16","Other oils and fats","6212","Percentage of women consuming each food group","10001","Urban","6121","Value","%","100.000000","E"
"788_1996","Tunisia - 1996","FGW17","Condiments and seasonings","6212","Percentage of women consuming each food group","10000","National","6121","Value","%","99.800000","E"
"788_1996","Tunisia - 1996","FGW17","Condiments and seasonings","6212","Percentage of women consuming each food group","10002","Rural","6121","Value","%","99.800000","E"
"788_1996","Tunisia - 1996","FGW17","Condiments and seasonings","6212","Percentage of women consuming each food group","10001","Urban","6121","Value","%","99.800000","E"
"788_1996","Tunisia - 1996","FGW18","Other beverages and foods","6212","Percentage of women consuming each food group","10000","National","6121","Value","%","44.600000","E"
"788_1996","Tunisia - 1996","FGW18","Other beverages and foods","6212","Percentage of women consuming each food group","10002","Rural","6121","Value","%","41.500000","E"
"788_1996","Tunisia - 1996","FGW18","Other beverages and foods","6212","Percentage of women consuming each food group","10001","Urban","6121","Value","%","46.400000","E"
"800_2020","Uganda - 2020","FGW0","MDD-W Food groups","6211","Percentage of women achieving MDD-W","10000","National","6121","Value","%","12.700000","E"
"800_2020","Uganda - 2020","FGW0","MDD-W Food groups","6211","Percentage of women achieving MDD-W","10002","Rural","6121","Value","%","12.600000","E"
"800_2020","Uganda - 2020","FGW0","MDD-W Food groups","6211","Percentage of women achieving MDD-W","10001","Urban","6121","Value","%","13.000000","E"
"800_2020","Uganda - 2020","FGW1","Grains, white roots and tubers, and plantains","6212","Percentage of women consuming each food group","10000","National","6121","Value","%","98.500000","E"
"800_2020","Uganda - 2020","FGW1","Grains, white roots and tubers, and plantains","6212","Percentage of women consuming each food group","10002","Rural","6121","Value","%","99.100000","E"
"800_2020","Uganda - 2020","FGW1","Grains, white roots and tubers, and plantains","6212","Percentage of women consuming each food group","10001","Urban","6121","Value","%","97.100000","E"
"800_2020","Uganda - 2020","FGW1A","Foods made from grains","6212","Percentage of women consuming each food group","10000","National","6121","Value","%","69.700000","E"
"800_2020","Uganda - 2020","FGW1A","Foods made from grains","6212","Percentage of women consuming each food group","10002","Rural","6121","Value","%","67.900000","E"
"800_2020","Uganda - 2020","FGW1A","Foods made from grains","6212","Percentage of women consuming each food group","10001","Urban","6121","Value","%","73.800000","E"
"800_2020","Uganda - 2020","FGW1B","White roots and tubers or plantains","6212","Percentage of women consuming each food group","10000","National","6121","Value","%","75.400000","E"
"800_2020","Uganda - 2020","FGW1B","White roots and tubers or plantains","6212","Percentage of women consuming each food group","10002","Rural","6121","Value","%","75.600000","E"
"800_2020","Uganda - 2020","FGW1B","White roots and tubers or plantains","6212","Percentage of women consuming each food group","10001","Urban","6121","Value","%","75.000000","E"
"800_2020","Uganda - 2020","FGW2","Pulses (beans, peas and lentils)","6212","Percentage of women consuming each food group","10000","National","6121","Value","%","57.800000","E"
"800_2020","Uganda - 2020","FGW2","Pulses (beans, peas and lentils)","6212","Percentage of women consuming each food group","10002","Rural","6121","Value","%","60.800000","E"
"800_2020","Uganda - 2020","FGW2","Pulses (beans, peas and lentils)","6212","Percentage of women consuming each food group","10001","Urban","6121","Value","%","51.100000","E"
"800_2020","Uganda - 2020","FGW3","Nuts and seeds","6212","Percentage of women consuming each food group","10000","National","6121","Value","%","19.900000","E"
"800_2020","Uganda - 2020","FGW3","Nuts and seeds","6212","Percentage of women consuming each food group","10002","Rural","6121","Value","%","19.200000","E"
"800_2020","Uganda - 2020","FGW3","Nuts and seeds","6212","Percentage of women consuming each food group","10001","Urban","6121","Value","%","21.400000","E"
"800_2020","Uganda - 2020","FGW4","Dairy","6212","Percentage of women consuming each food group","10000","National","6121","Value","%","19.800000","E"
"800_2020","Uganda - 2020","FGW4","Dairy","6212","Percentage of women consuming each food group","10002","Rural","6121","Value","%","18.700000","E"
"800_2020","Uganda - 2020","FGW4","Dairy","6212","Percentage of women consuming each food group","10001","Urban","6121","Value","%","22.200000","E"
"800_2020","Uganda - 2020","FGW5","Meat, poultry and fish","6212","Percentage of women consuming each food group","10000","National","6121","Value","%","39.000000","E"
"800_2020","Uganda - 2020","FGW5","Meat, poultry and fish","6212","Percentage of women consuming each food group","10002","Rural","6121","Value","%","40.600000","E"
"800_2020","Uganda - 2020","FGW5","Meat, poultry and fish","6212","Percentage of women consuming each food group","10001","Urban","6121","Value","%","35.500000","E"
"800_2020","Uganda - 2020","FGW6","Eggs","6212","Percentage of women consuming each food group","10000","National","6121","Value","%","2.700000","E"
"800_2020","Uganda - 2020","FGW6","Eggs","6212","Percentage of women consuming each food group","10002","Rural","6121","Value","%","2.400000","E"
"800_2020","Uganda - 2020","FGW6","Eggs","6212","Percentage of women consuming each food group","10001","Urban","6121","Value","%","3.500000","E"
"800_2020","Uganda - 2020","FGW7","Dark green leafy vegetables","6212","Percentage of women consuming each food group","10000","National","6121","Value","%","1.900000","E"
"800_2020","Uganda - 2020","FGW7","Dark green leafy vegetables","6212","Percentage of women consuming each food group","10002","Rural","6121","Value","%","0.900000","E"
"800_2020","Uganda - 2020","FGW7","Dark green leafy vegetables","6212","Percentage of women consuming each food group","10001","Urban","6121","Value","%","4.100000","E"
"800_2020","Uganda - 2020","FGW8","Other vitamin A-rich fruits and vegetables","6212","Percentage of women consuming each food group","10000","National","6121","Value","%","9.300000","E"
"800_2020","Uganda - 2020","FGW8","Other vitamin A-rich fruits and vegetables","6212","Percentage of women consuming each food group","10002","Rural","6121","Value","%","10.100000","E"
"800_2020","Uganda - 2020","FGW8","Other vitamin A-rich fruits and vegetables","6212","Percentage of women consuming each food group","10001","Urban","6121","Value","%","7.400000","E"
"800_2020","Uganda - 2020","FGW9","Vegetables, other","6212","Percentage of women consuming each food group","10000","National","6121","Value","%","35.600000","E"
"800_2020","Uganda - 2020","FGW9","Vegetables, other","6212","Percentage of women consuming each food group","10002","Rural","6121","Value","%","34.400000","E"
"800_2020","Uganda - 2020","FGW9","Vegetables, other","6212","Percentage of women consuming each food group","10001","Urban","6121","Value","%","38.400000","E"
"800_2020","Uganda - 2020","FGW10","Fruits, other","6212","Percentage of women consuming each food group","10000","National","6121","Value","%","14.400000","E"
"800_2020","Uganda - 2020","FGW10","Fruits, other","6212","Percentage of women consuming each food group","10002","Rural","6121","Value","%","13.600000","E"
"800_2020","Uganda - 2020","FGW10","Fruits, other","6212","Percentage of women consuming each food group","10001","Urban","6121","Value","%","16.200000","E"
"800_2020","Uganda - 2020","FGW11","Fried and salty snacks","6212","Percentage of women consuming each food group","10000","National","6121","Value","%","0.500000","E"
"800_2020","Uganda - 2020","FGW11","Fried and salty snacks","6212","Percentage of women consuming each food group","10002","Rural","6121","Value","%","0.200000","E"
"800_2020","Uganda - 2020","FGW11","Fried and salty snacks","6212","Percentage of women consuming each food group","10001","Urban","6121","Value","%","1.200000","E"
"800_2020","Uganda - 2020","FGW12","Sweet foods","6212","Percentage of women consuming each food group","10000","National","6121","Value","%","7.400000","E"
"800_2020","Uganda - 2020","FGW12","Sweet foods","6212","Percentage of women consuming each food group","10002","Rural","6121","Value","%","6.700000","E"
"800_2020","Uganda - 2020","FGW12","Sweet foods","6212","Percentage of women consuming each food group","10001","Urban","6121","Value","%","9.000000","E"
"800_2020","Uganda - 2020","FGW13","Sweet beverages","6212","Percentage of women consuming each food group","10000","National","6121","Value","%","2.600000","E"
"800_2020","Uganda - 2020","FGW13","Sweet beverages","6212","Percentage of women consuming each food group","10002","Rural","6121","Value","%","2.300000","E"
"800_2020","Uganda - 2020","FGW13","Sweet beverages","6212","Percentage of women consuming each food group","10001","Urban","6121","Value","%","3.500000","E"
"800_2020","Uganda - 2020","FGW16","Other oils and fats","6212","Percentage of women consuming each food group","10000","National","6121","Value","%","43.900000","E"
"800_2020","Uganda - 2020","FGW16","Other oils and fats","6212","Percentage of women consuming each food group","10002","Rural","6121","Value","%","41.300000","E"
"800_2020","Uganda - 2020","FGW16","Other oils and fats","6212","Percentage of women consuming each food group","10001","Urban","6121","Value","%","49.700000","E"
"800_2020","Uganda - 2020","FGW17","Condiments and seasonings","6212","Percentage of women consuming each food group","10000","National","6121","Value","%","1.600000","E"
"800_2020","Uganda - 2020","FGW17","Condiments and seasonings","6212","Percentage of women consuming each food group","10002","Rural","6121","Value","%","1.200000","E"
"800_2020","Uganda - 2020","FGW17","Condiments and seasonings","6212","Percentage of women consuming each food group","10001","Urban","6121","Value","%","2.300000","E"
"800_2020","Uganda - 2020","FGW18","Other beverages and foods","6212","Percentage of women consuming each food group","10000","National","6121","Value","%","42.100000","E"
"800_2020","Uganda - 2020","FGW18","Other beverages and foods","6212","Percentage of women consuming each food group","10002","Rural","6121","Value","%","39.200000","E"
"800_2020","Uganda - 2020","FGW18","Other beverages and foods","6212","Percentage of women consuming each food group","10001","Urban","6121","Value","%","48.500000","E"
"834_2022","United Republic of Tanzania - 2022","FGW0","MDD-W Food groups","6211","Percentage of women achieving MDD-W","10000","National","6121","Value","%","25.000000","E"
"834_2022","United Republic of Tanzania - 2022","FGW0","MDD-W Food groups","6211","Percentage of women achieving MDD-W","10002","Rural","6121","Value","%","17.600000","E"
"834_2022","United Republic of Tanzania - 2022","FGW0","MDD-W Food groups","6211","Percentage of women achieving MDD-W","10001","Urban","6121","Value","%","38.400000","E"
"834_2022","United Republic of Tanzania - 2022","FGW1","Grains, white roots and tubers, and plantains","6212","Percentage of women consuming each food group","10000","National","6121","Value","%","98.300000","E"
"834_2022","United Republic of Tanzania - 2022","FGW1","Grains, white roots and tubers, and plantains","6212","Percentage of women consuming each food group","10002","Rural","6121","Value","%","98.600000","E"
"834_2022","United Republic of Tanzania - 2022","FGW1","Grains, white roots and tubers, and plantains","6212","Percentage of women consuming each food group","10001","Urban","6121","Value","%","97.800000","E"
"834_2022","United Republic of Tanzania - 2022","FGW1A","Foods made from grains","6212","Percentage of women consuming each food group","10000","National","6121","Value","%","95.300000","E"
"834_2022","United Republic of Tanzania - 2022","FGW1A","Foods made from grains","6212","Percentage of women consuming each food group","10002","Rural","6121","Value","%","95.100000","E"
"834_2022","United Republic of Tanzania - 2022","FGW1A","Foods made from grains","6212","Percentage of women consuming each food group","10001","Urban","6121","Value","%","95.800000","E"
"834_2022","United Republic of Tanzania - 2022","FGW1B","White roots and tubers or plantains","6212","Percentage of women consuming each food group","10000","National","6121","Value","%","30.200000","E"
"834_2022","United Republic of Tanzania - 2022","FGW1B","White roots and tubers or plantains","6212","Percentage of women consuming each food group","10002","Rural","6121","Value","%","30.800000","E"
"834_2022","United Republic of Tanzania - 2022","FGW1B","White roots and tubers or plantains","6212","Percentage of women consuming each food group","10001","Urban","6121","Value","%","29.100000","E"
"834_2022","United Republic of Tanzania - 2022","FGW2","Pulses (beans, peas and lentils)","6212","Percentage of women consuming each food group","10000","National","6121","Value","%","43.800000","E"
"834_2022","United Republic of Tanzania - 2022","FGW2","Pulses (beans, peas and lentils)","6212","Percentage of women consuming each food group","10002","Rural","6121","Value","%","42.200000","E"
"834_2022","United Republic of Tanzania - 2022","FGW2","Pulses (beans, peas and lentils)","6212","Percentage of women consuming each food group","10001","Urban","6121","Value","%","46.700000","E"
"834_2022","United Republic of Tanzania - 2022","FGW3","Nuts and seeds","6212","Percentage of women consuming each food group","10000","National","6121","Value","%","7.100000","E"
"834_2022","United Republic of Tanzania - 2022","FGW3","Nuts and seeds","6212","Percentage of women consuming each food group","10002","Rural","6121","Value","%","6.800000","E"
"834_2022","United Republic of Tanzania - 2022","FGW3","Nuts and seeds","6212","Percentage of women consuming each food group","10001","Urban","6121","Value","%","7.700000","E"
"834_2022","United Republic of Tanzania - 2022","FGW4","Dairy","6212","Percentage of women consuming each food group","10000","National","6121","Value","%","19.300000","E"
"834_2022","United Republic of Tanzania - 2022","FGW4","Dairy","6212","Percentage of women consuming each food group","10002","Rural","6121","Value","%","18.800000","E"
"834_2022","United Republic of Tanzania - 2022","FGW4","Dairy","6212","Percentage of women consuming each food group","10001","Urban","6121","Value","%","20.300000","E"
"834_2022","United Republic of Tanzania - 2022","FGW5","Meat, poultry and fish","6212","Percentage of women consuming each food group","10000","National","6121","Value","%","56.100000","E"
"834_2022","United Republic of Tanzania - 2022","FGW5","Meat, poultry and fish","6212","Percentage of women consuming each food group","10002","Rural","6121","Value","%","51.100000","E"
"834_2022","United Republic of Tanzania - 2022","FGW5","Meat, poultry and fish","6212","Percentage of women consuming each food group","10001","Urban","6121","Value","%","65.000000","E"
"834_2022","United Republic of Tanzania - 2022","FGW6","Eggs","6212","Percentage of women consuming each food group","10000","National","6121","Value","%","4.000000","E"
"834_2022","United Republic of Tanzania - 2022","FGW6","Eggs","6212","Percentage of women consuming each food group","10002","Rural","6121","Value","%","2.600000","E"
"834_2022","United Republic of Tanzania - 2022","FGW6","Eggs","6212","Percentage of women consuming each food group","10001","Urban","6121","Value","%","6.500000","E"
"834_2022","United Republic of Tanzania - 2022","FGW7","Dark green leafy vegetables","6212","Percentage of women consuming each food group","10000","National","6121","Value","%","54.800000","E"
"834_2022","United Republic of Tanzania - 2022","FGW7","Dark green leafy vegetables","6212","Percentage of women consuming each food group","10002","Rural","6121","Value","%","53.700000","E"
"834_2022","United Republic of Tanzania - 2022","FGW7","Dark green leafy vegetables","6212","Percentage of women consuming each food group","10001","Urban","6121","Value","%","56.800000","E"
"834_2022","United Republic of Tanzania - 2022","FGW8","Other vitamin A-rich fruits and vegetables","6212","Percentage of women consuming each food group","10000","National","6121","Value","%","17.700000","E"
"834_2022","United Republic of Tanzania - 2022","FGW8","Other vitamin A-rich fruits and vegetables","6212","Percentage of women consuming each food group","10002","Rural","6121","Value","%","10.300000","E"
"834_2022","United Republic of Tanzania - 2022","FGW8","Other vitamin A-rich fruits and vegetables","6212","Percentage of women consuming each food group","10001","Urban","6121","Value","%","31.100000","E"
"834_2022","United Republic of Tanzania - 2022","FGW9","Vegetables, other","6212","Percentage of women consuming each food group","10000","National","6121","Value","%","33.200000","E"
"834_2022","United Republic of Tanzania - 2022","FGW9","Vegetables, other","6212","Percentage of women consuming each food group","10002","Rural","6121","Value","%","27.300000","E"
"834_2022","United Republic of Tanzania - 2022","FGW9","Vegetables, other","6212","Percentage of women consuming each food group","10001","Urban","6121","Value","%","43.800000","E"
"834_2022","United Republic of Tanzania - 2022","FGW10","Fruits, other","6212","Percentage of women consuming each food group","10000","National","6121","Value","%","27.600000","E"
"834_2022","United Republic of Tanzania - 2022","FGW10","Fruits, other","6212","Percentage of women consuming each food group","10002","Rural","6121","Value","%","20.700000","E"
"834_2022","United Republic of Tanzania - 2022","FGW10","Fruits, other","6212","Percentage of women consuming each food group","10001","Urban","6121","Value","%","40.100000","E"
"834_2022","United Republic of Tanzania - 2022","FGW11","Fried and salty snacks","6212","Percentage of women consuming each food group","10000","National","6121","Value","%","11.300000","E"
"834_2022","United Republic of Tanzania - 2022","FGW11","Fried and salty snacks","6212","Percentage of women consuming each food group","10002","Rural","6121","Value","%","7.300000","E"
"834_2022","United Republic of Tanzania - 2022","FGW11","Fried and salty snacks","6212","Percentage of women consuming each food group","10001","Urban","6121","Value","%","18.500000","E"
"834_2022","United Republic of Tanzania - 2022","FGW12","Sweet foods","6212","Percentage of women consuming each food group","10000","National","6121","Value","%","4.500000","E"
"834_2022","United Republic of Tanzania - 2022","FGW12","Sweet foods","6212","Percentage of women consuming each food group","10002","Rural","6121","Value","%","2.500000","E"
"834_2022","United Republic of Tanzania - 2022","FGW12","Sweet foods","6212","Percentage of women consuming each food group","10001","Urban","6121","Value","%","8.200000","E"
"834_2022","United Republic of Tanzania - 2022","FGW13","Sweet beverages","6212","Percentage of women consuming each food group","10000","National","6121","Value","%","28.200000","E"
"834_2022","United Republic of Tanzania - 2022","FGW13","Sweet beverages","6212","Percentage of women consuming each food group","10002","Rural","6121","Value","%","17.600000","E"
"834_2022","United Republic of Tanzania - 2022","FGW13","Sweet beverages","6212","Percentage of women consuming each food group","10001","Urban","6121","Value","%","47.500000","E"
"834_2022","United Republic of Tanzania - 2022","FGW18","Other beverages and foods","6212","Percentage of women consuming each food group","10000","National","6121","Value","%","9.600000","E"
"834_2022","United Republic of Tanzania - 2022","FGW18","Other beverages and foods","6212","Percentage of women consuming each food group","10002","Rural","6121","Value","%","10.400000","E"
"834_2022","United Republic of Tanzania - 2022","FGW18","Other beverages and foods","6212","Percentage of women consuming each food group","10001","Urban","6121","Value","%","8.300000","E"
"548_2023","Vanuatu - 2023","FGW0","MDD-W Food groups","6211","Percentage of women achieving MDD-W","10000","National","6121","Value","%","61.300000","E"
"548_2023","Vanuatu - 2023","FGW0","MDD-W Food groups","6211","Percentage of women achieving MDD-W","10002","Rural","6121","Value","%","59.600000","E"
"548_2023","Vanuatu - 2023","FGW0","MDD-W Food groups","6211","Percentage of women achieving MDD-W","10001","Urban","6121","Value","%","66.200000","E"
"548_2023","Vanuatu - 2023","FGW1","Grains, white roots and tubers, and plantains","6212","Percentage of women consuming each food group","10000","National","6121","Value","%","98.400000","E"
"548_2023","Vanuatu - 2023","FGW1","Grains, white roots and tubers, and plantains","6212","Percentage of women consuming each food group","10002","Rural","6121","Value","%","98.400000","E"
"548_2023","Vanuatu - 2023","FGW1","Grains, white roots and tubers, and plantains","6212","Percentage of women consuming each food group","10001","Urban","6121","Value","%","98.300000","E"
"548_2023","Vanuatu - 2023","FGW1A","Foods made from grains","6212","Percentage of women consuming each food group","10000","National","6121","Value","%","86.100000","E"
"548_2023","Vanuatu - 2023","FGW1A","Foods made from grains","6212","Percentage of women consuming each food group","10002","Rural","6121","Value","%","83.400000","E"
"548_2023","Vanuatu - 2023","FGW1A","Foods made from grains","6212","Percentage of women consuming each food group","10001","Urban","6121","Value","%","93.900000","E"
"548_2023","Vanuatu - 2023","FGW1B","White roots and tubers or plantains","6212","Percentage of women consuming each food group","10000","National","6121","Value","%","83.600000","E"
"548_2023","Vanuatu - 2023","FGW1B","White roots and tubers or plantains","6212","Percentage of women consuming each food group","10002","Rural","6121","Value","%","86.300000","E"
"548_2023","Vanuatu - 2023","FGW1B","White roots and tubers or plantains","6212","Percentage of women consuming each food group","10001","Urban","6121","Value","%","75.800000","E"
"548_2023","Vanuatu - 2023","FGW2","Pulses (beans, peas and lentils)","6212","Percentage of women consuming each food group","10000","National","6121","Value","%","33.600000","E"
"548_2023","Vanuatu - 2023","FGW2","Pulses (beans, peas and lentils)","6212","Percentage of women consuming each food group","10002","Rural","6121","Value","%","34.600000","E"
"548_2023","Vanuatu - 2023","FGW2","Pulses (beans, peas and lentils)","6212","Percentage of women consuming each food group","10001","Urban","6121","Value","%","30.400000","E"
"548_2023","Vanuatu - 2023","FGW3","Nuts and seeds","6212","Percentage of women consuming each food group","10000","National","6121","Value","%","50.800000","E"
"548_2023","Vanuatu - 2023","FGW3","Nuts and seeds","6212","Percentage of women consuming each food group","10002","Rural","6121","Value","%","54.400000","E"
"548_2023","Vanuatu - 2023","FGW3","Nuts and seeds","6212","Percentage of women consuming each food group","10001","Urban","6121","Value","%","40.300000","E"
"548_2023","Vanuatu - 2023","FGW4","Dairy","6212","Percentage of women consuming each food group","10000","National","6121","Value","%","32.400000","E"
"548_2023","Vanuatu - 2023","FGW4","Dairy","6212","Percentage of women consuming each food group","10002","Rural","6121","Value","%","27.000000","E"
"548_2023","Vanuatu - 2023","FGW4","Dairy","6212","Percentage of women consuming each food group","10001","Urban","6121","Value","%","48.400000","E"
"548_2023","Vanuatu - 2023","FGW5","Meat, poultry and fish","6212","Percentage of women consuming each food group","10000","National","6121","Value","%","80.700000","E"
"548_2023","Vanuatu - 2023","FGW5","Meat, poultry and fish","6212","Percentage of women consuming each food group","10002","Rural","6121","Value","%","78.200000","E"
"548_2023","Vanuatu - 2023","FGW5","Meat, poultry and fish","6212","Percentage of women consuming each food group","10001","Urban","6121","Value","%","88.100000","E"
"548_2023","Vanuatu - 2023","FGW6","Eggs","6212","Percentage of women consuming each food group","10000","National","6121","Value","%","33.700000","E"
"548_2023","Vanuatu - 2023","FGW6","Eggs","6212","Percentage of women consuming each food group","10002","Rural","6121","Value","%","32.700000","E"
"548_2023","Vanuatu - 2023","FGW6","Eggs","6212","Percentage of women consuming each food group","10001","Urban","6121","Value","%","36.400000","E"
"548_2023","Vanuatu - 2023","FGW7","Dark green leafy vegetables","6212","Percentage of women consuming each food group","10000","National","6121","Value","%","90.100000","E"
"548_2023","Vanuatu - 2023","FGW7","Dark green leafy vegetables","6212","Percentage of women consuming each food group","10002","Rural","6121","Value","%","90.100000","E"
"548_2023","Vanuatu - 2023","FGW7","Dark green leafy vegetables","6212","Percentage of women consuming each food group","10001","Urban","6121","Value","%","89.100000","E"
"548_2023","Vanuatu - 2023","FGW8","Other vitamin A-rich fruits and vegetables","6212","Percentage of women consuming each food group","10000","National","6121","Value","%","56.500000","E"
"548_2023","Vanuatu - 2023","FGW8","Other vitamin A-rich fruits and vegetables","6212","Percentage of women consuming each food group","10002","Rural","6121","Value","%","57.400000","E"
"548_2023","Vanuatu - 2023","FGW8","Other vitamin A-rich fruits and vegetables","6212","Percentage of women consuming each food group","10001","Urban","6121","Value","%","54.600000","E"
"548_2023","Vanuatu - 2023","FGW9","Vegetables, other","6212","Percentage of women consuming each food group","10000","National","6121","Value","%","46.200000","E"
"548_2023","Vanuatu - 2023","FGW9","Vegetables, other","6212","Percentage of women consuming each food group","10002","Rural","6121","Value","%","45.600000","E"
"548_2023","Vanuatu - 2023","FGW9","Vegetables, other","6212","Percentage of women consuming each food group","10001","Urban","6121","Value","%","48.000000","E"
"548_2023","Vanuatu - 2023","FGW10","Fruits, other","6212","Percentage of women consuming each food group","10000","National","6121","Value","%","33.500000","E"
"548_2023","Vanuatu - 2023","FGW10","Fruits, other","6212","Percentage of women consuming each food group","10002","Rural","6121","Value","%","35.100000","E"
"548_2023","Vanuatu - 2023","FGW10","Fruits, other","6212","Percentage of women consuming each food group","10001","Urban","6121","Value","%","28.800000","E"
"548_2023","Vanuatu - 2023","FGW17","Condiments and seasonings","6212","Percentage of women consuming each food group","10000","National","6121","Value","%","44.500000","E"
"548_2023","Vanuatu - 2023","FGW17","Condiments and seasonings","6212","Percentage of women consuming each food group","10002","Rural","6121","Value","%","41.500000","E"
"548_2023","Vanuatu - 2023","FGW17","Condiments and seasonings","6212","Percentage of women consuming each food group","10001","Urban","6121","Value","%","53.100000","E"
